"Athlete","Year","Time","Meet","Meet_Date","Team","Event","Season","Location"
"Dinolov, Georgi","JR-3","3:53.52","Oxy Invitational","May 8, 2010","Stag","1500","2010","Outdoor"
"Dinolov, Georgi","JR-3","3:56.44","SCIAC Championships","Apr 30, 2010","Stag","1500","2010","Outdoor"
"Dinolov, Georgi","JR-3","3:57.18","Redlands-CMS-CLU-CIT Quad Meet","Apr 3, 2010","Stag","1500","2010","Outdoor"
"Doran, Zach","FR-1","3:57.29","Oxy Invitational","May 8, 2010","Stag","1500","2010","Outdoor"
"Dinolov, Georgi","JR-3","3:57.50","SCIAC Quad Meet","Apr 17, 2010","Stag","1500","2010","Outdoor"
"Dinolov, Georgi","JR-3","3:57.55","Cal/Nevada Collegiate Championship","Mar 27, 2010","Stag","1500","2010","Outdoor"
"Doran, Zach","FR-1","3:57.86","Redlands-CMS-CLU-CIT Quad Meet","Apr 3, 2010","Stag","1500","2010","Outdoor"
"Dinolov, Georgi","JR-3","3:58.10","NCC Gregory Invitational","May 20, 2010","Stag","1500","2010","Outdoor"
"Dinolov, Georgi","JR-3","3:58.14","Occidental Distance Carnival","Mar 12, 2010","Stag","1500","2010","Outdoor"
"Doran, Zach","FR-1","3:59.41","SCIAC Championships","Apr 30, 2010","Stag","1500","2010","Outdoor"
"Doran, Zach","FR-1","4:00.03","2010 Pomona-Pitzer Track & Field Invite (Invited Colleges)","Apr 10, 2010","Stag","1500","2010","Outdoor"
"Chasan, Quinn","SR","4:02.56","SCIAC Championships","Apr 30, 2010","Stag","1500","2010","Outdoor"
"Dinolov, Georgi","JR-3","4:02.90","Cal Lu - CMS - La Verne - Whittier","Mar 6, 2010","Stag","1500","2010","Outdoor"
"Chasan, Quinn","SR","4:03.19","Oxy Invitational","May 8, 2010","Stag","1500","2010","Outdoor"
"Cummins, Matt","JR-3","4:03.24","SCIAC Championships","Apr 30, 2010","Stag","1500","2010","Outdoor"
"Sutter, Brian","SR","4:03.83","2010 Pomona-Pitzer Track & Field Invite (Invited Colleges)","Apr 10, 2010","Stag","1500","2010","Outdoor"
"Cummins, Matt","JR-3","4:03.88","2010 Pomona-Pitzer Track & Field Invite (Invited Colleges)","Apr 10, 2010","Stag","1500","2010","Outdoor"
"Sutter, Brian","SR","4:04.24","Redlands-CMS-CLU-CIT Quad Meet","Apr 3, 2010","Stag","1500","2010","Outdoor"
"Dinolov, Georgi","JR-3","4:04.29","4 Way Scoring Meet","Feb 20, 2010","Stag","1500","2010","Outdoor"
"Chasan, Quinn","SR","4:04.46","2010 Pomona-Pitzer Track & Field Invite (Invited Colleges)","Apr 10, 2010","Stag","1500","2010","Outdoor"
"Doran, Zach","FR-1","4:05.25","Occidental Distance Carnival","Mar 12, 2010","Stag","1500","2010","Outdoor"
"Chasan, Quinn","SR","4:05.64","Cal Lu - CMS - La Verne - Whittier","Mar 6, 2010","Stag","1500","2010","Outdoor"
"Sutter, Brian","SR","4:06.14","Spring Break Classic","Mar 20, 2010","Stag","1500","2010","Outdoor"
"Chasan, Quinn","SR","4:06.65","SCIAC Championships","Apr 30, 2010","Stag","1500","2010","Outdoor"
"Baffi, Tim","SR","4:06.79","SCIAC Quad Meet","Apr 17, 2010","Stag","1500","2010","Outdoor"
"Poyhonen, Alex","SR","4:06.82","Cal Lu - CMS - La Verne - Whittier","Mar 6, 2010","Stag","1500","2010","Outdoor"
"Scheulen, Florian","SR-4","4:06.84","Spring Break Classic","Mar 20, 2010","Stag","1500","2010","Outdoor"
"Kopczynski, Brian","JR-3","4:07.08","Spring Break Classic","Mar 20, 2010","Stag","1500","2010","Outdoor"
"Cummins, Matt","JR-3","4:07.09","SCIAC Championships","Apr 30, 2010","Stag","1500","2010","Outdoor"
"Dinolov, Georgi","JR-3","4:07.16","SCIAC Championships","Apr 30, 2010","Stag","1500","2010","Outdoor"
"Baffi, Tim","SR","4:07.50","2010 Pomona-Pitzer Track & Field Invite (Invited Colleges)","Apr 10, 2010","Stag","1500","2010","Outdoor"
"Doran, Zach","FR-1","4:07.59","SCIAC Championships","Apr 30, 2010","Stag","1500","2010","Outdoor"
"Poyhonen, Alex","SR","4:08.41","SCIAC Quad Meet","Apr 17, 2010","Stag","1500","2010","Outdoor"
"Chasan, Quinn","SR","4:09.31","4 Way Scoring Meet","Feb 20, 2010","Stag","1500","2010","Outdoor"
"Chasan, Quinn","SR","4:09.70","SCIAC Quad Meet","Apr 17, 2010","Stag","1500","2010","Outdoor"
"Poyhonen, Alex","SR","4:09.84","SCIAC Championships","Apr 30, 2010","Stag","1500","2010","Outdoor"
"Vignos, Jeff","","4:10.77","2010 Pomona-Pitzer Track & Field Invite (Invited Colleges)","Apr 10, 2010","Stag","1500","2010","Outdoor"
"Baffi, Tim","SR","4:11.04","Cal Lu - CMS - La Verne - Whittier","Mar 6, 2010","Stag","1500","2010","Outdoor"
"Poyhonen, Alex","SR","4:12.36","Redlands-CMS-CLU-CIT Quad Meet","Apr 3, 2010","Stag","1500","2010","Outdoor"
"Poyhonen, Alex","SR","4:13.86","4 Way Scoring Meet","Feb 20, 2010","Stag","1500","2010","Outdoor"
"Johnson, Eric","SO-2","4:15.81","SCIAC Championships","Apr 30, 2010","Stag","1500","2010","Outdoor"
"Poyhonen, Alex","SR","4:16.53","Occidental Distance Carnival","Mar 12, 2010","Stag","1500","2010","Outdoor"
"Page, Russell","SR","4:17.20","2010 Pomona-Pitzer Track & Field Invite (Invited Colleges)","Apr 10, 2010","Stag","1500","2010","Outdoor"
"Johnson, Eric","SO-2","4:17.91","2010 Pomona-Pitzer Track & Field Invite (Invited Colleges)","Apr 10, 2010","Stag","1500","2010","Outdoor"
"Evans, Dan","SO-2","4:18.06","SCIAC Championships","Apr 30, 2010","Stag","1500","2010","Outdoor"
"Ayers, Dillon","JR-3","4:18.63","Redlands-CMS-CLU-CIT Quad Meet","Apr 3, 2010","Stag","1500","2010","Outdoor"
"Baffi, Tim","SR","4:19.05","4 Way Scoring Meet","Feb 20, 2010","Stag","1500","2010","Outdoor"
"Ayers, Dillon","JR-3","4:20.37","SCIAC Championships","Apr 30, 2010","Stag","1500","2010","Outdoor"
"Ayers, Dillon","JR-3","4:21.10","SCIAC Quad Meet","Apr 17, 2010","Stag","1500","2010","Outdoor"
"Kurtis, Matt","SR-4","4:22.45","2010 Pomona-Pitzer Track & Field Invite (Invited Colleges)","Apr 10, 2010","Stag","1500","2010","Outdoor"
"Conroy, Brian","SR","4:22.46","2010 Pomona-Pitzer Track & Field Invite (Invited Colleges)","Apr 10, 2010","Stag","1500","2010","Outdoor"
"Ayers, Dillon","JR-3","4:22.46","4 Way Scoring Meet","Feb 20, 2010","Stag","1500","2010","Outdoor"
"Kurtis, Alex","SR-4","4:30.11","2010 Pomona-Pitzer Track & Field Invite (Invited Colleges)","Apr 10, 2010","Stag","1500","2010","Outdoor"
"Stewart, Kyle","JR-3","4:33.04","2010 Pomona-Pitzer Track & Field Invite (Invited Colleges)","Apr 10, 2010","Stag","1500","2010","Outdoor"
"Stewart, Kyle","JR-3","4:35.26","SCIAC Quad Meet","Apr 17, 2010","Stag","1500","2010","Outdoor"
"Stewart, Kyle","JR-3","4:36.21","Occidental Distance Carnival","Mar 12, 2010","Stag","1500","2010","Outdoor"
"Johnson, Eric","SO-2","4:36.58","Redlands-CMS-CLU-CIT Quad Meet","Apr 3, 2010","Stag","1500","2010","Outdoor"
"O'Neill, Kevin","SR","4:37.56","Occidental Distance Carnival","Mar 12, 2010","Stag","1500","2010","Outdoor"
"O'Neill, Kevin","SR","4:38.85","SCIAC Championships","Apr 30, 2010","Stag","1500","2010","Outdoor"
"Pittman, Ryan","SR-4","4:39.74","Claremont Classic Multi","May 13, 2010","Stag","1500","2010","Outdoor"
"Evans, Dan","SO-2","4:41.11","4 Way Scoring Meet","Feb 20, 2010","Stag","1500","2010","Outdoor"
"O'Neill, Kevin","SR","4:41.64","Redlands-CMS-CLU-CIT Quad Meet","Apr 3, 2010","Stag","1500","2010","Outdoor"
"Pittman, Ryan","SR-4","4:42.26","CSUN Multi's","Mar 18, 2010","Stag","1500","2010","Outdoor"
"Evans, Dan","SO-2","4:42.91","SCIAC Quad Meet","Apr 17, 2010","Stag","1500","2010","Outdoor"
"O'Neill, Kevin","SR","4:43.22","SCIAC Quad Meet","Apr 17, 2010","Stag","1500","2010","Outdoor"
"O'Neill, Kevin","SR","4:43.23","Cal Lu - CMS - La Verne - Whittier","Mar 6, 2010","Stag","1500","2010","Outdoor"
"O'Neill, Kevin","SR","4:46.67","4 Way Scoring Meet","Feb 20, 2010","Stag","1500","2010","Outdoor"
