"Athlete","Year","Mark","Conv","Meet","Meet_Date","Team","Event","Season","Location"
"Colton, Reny","SR","10.61m","34' 9.75""","SCIAC Quad #1 at CMS","Mar 5, 2011","Athena","SP","2011","Outdoor"
"Colton, Reny","SR","10.16m","33' 4""","Oxy Invitational","May 7, 2011","Athena","SP","2011","Outdoor"
"Colton, Reny","SR","10.07m","33' 0.5""","Rossi Relays","Feb 26, 2011","Athena","SP","2011","Outdoor"
"Colton, Reny","SR","9.98m","32' 9""","Oxy Invitational","May 7, 2011","Athena","SP","2011","Outdoor"
"Colton, Reny","SR","9.96m","32' 8.25""","Oxy Invitational","May 7, 2011","Athena","SP","2011","Outdoor"
"Colton, Reny","SR","9.81m","32' 2.25""","Northridge Invitational","Mar 12, 2011","Athena","SP","2011","Outdoor"
"Colton, Reny","SR","9.75m","32' 0""","Northridge Multi Events","Mar 17, 2011","Athena","SP","2011","Outdoor"
"Colton, Reny","SR","9.55m","31' 4""","Northridge Multi Events","Mar 17, 2011","Athena","SP","2011","Outdoor"
"Colton, Reny","SR","9.51m","31' 2.5""","Oxy Invitational","May 7, 2011","Athena","SP","2011","Outdoor"
"Colton, Reny","SR","9.50m","31' 2""","Northridge Multi Events","Mar 17, 2011","Athena","SP","2011","Outdoor"
"Colton, Reny","SR","9.45m","31' 0""","Oxy Invitational","May 7, 2011","Athena","SP","2011","Outdoor"
"Colton, Reny","SR","9.44m","30' 11.75""","Caltech/CMS/La Verne/Pomona-Pitzer","Apr 16, 2011","Athena","SP","2011","Outdoor"
"Colton, Reny","SR","9.40m","30' 10.25""","2011 Pomona-Pitzer Invite","Apr 9, 2011","Athena","SP","2011","Outdoor"
"Colton, Reny","SR","9.30m","30' 6.25""","2011 Pomona-Pitzer Invite","Apr 9, 2011","Athena","SP","2011","Outdoor"
"Brown, Lillian","SR-4","9.26m","30' 4.75""","Univ. of Redlands SCIAC Quad","Apr 2, 2011","Athena","SP","2011","Outdoor"
"Colton, Reny","SR","9.23m","30' 3.5""","Oxy Invitational","May 7, 2011","Athena","SP","2011","Outdoor"
"Brown, Lillian","SR-4","9.15m","30' 0.25""","SCIAC Quad #1 at CMS","Mar 5, 2011","Athena","SP","2011","Outdoor"
"Colton, Reny","SR","9.08m","29' 9.5""","Cal State LA Last Chance Qualifier","May 13, 2011","Athena","SP","2011","Outdoor"
"Colton, Reny","SR","9.08m","29' 9.5""","Univ. of Redlands SCIAC Quad","Apr 2, 2011","Athena","SP","2011","Outdoor"
"Colton, Reny","SR","9.06m","29' 8.75""","2011 Pomona-Pitzer Invite","Apr 9, 2011","Athena","SP","2011","Outdoor"
"Colton, Reny","SR","8.90m","29' 2.5""","Caltech/CMS/La Verne/Pomona-Pitzer","Apr 16, 2011","Athena","SP","2011","Outdoor"
"Doede, Aubrey","SR-4","8.71m","28' 7""","SCIAC Quad #1 at CMS","Mar 5, 2011","Athena","SP","2011","Outdoor"
"Doede, Aubrey","SR-4","8.37m","27' 5.5""","Univ. of Redlands SCIAC Quad","Apr 2, 2011","Athena","SP","2011","Outdoor"
"Brown, Lillian","SR-4","8.14m","26' 8.5""","UC-Irvine Spring Break Invite","Mar 19, 2011","Athena","SP","2011","Outdoor"
"Doede, Aubrey","SR-4","7.59m","24' 11""","Rossi Relays","Feb 26, 2011","Athena","SP","2011","Outdoor"
