"Athlete","Year","Mark","Conv","Meet","Meet_Date","Team","Event","Season","Location"
"Brown, Lillian","SR-4","28.13m","92' 3""","Univ. of Redlands SCIAC Quad","Apr 2, 2011","Athena","DT","2011","Outdoor"
"Brown, Lillian","SR-4","27.92m","91' 7""","UC-Irvine Spring Break Invite","Mar 19, 2011","Athena","DT","2011","Outdoor"
"Brown, Lillian","SR-4","27.50m","90' 3""","UC-Irvine Spring Break Invite","Mar 19, 2011","Athena","DT","2011","Outdoor"
"Brown, Lillian","SR-4","27.20m","89' 3""","UC-Irvine Spring Break Invite","Mar 19, 2011","Athena","DT","2011","Outdoor"
