"Athlete","Year","Time","Meet","Meet_Date","Wind","Team","Event","Season","Location"
"Knaub, Madi","",12.85,"2012 SCIAC Track & Field Championships","Apr 27, 2012",1.7,"Athena","100","2012","Outdoor"
"Knaub, Madi","",12.91,"SCIAC Quad Meet 3","Apr 7, 2012",0.5,"Athena","100","2012","Outdoor"
"Knaub, Madi","",12.98,"Rossi Relays","Feb 25, 2012",1.3,"Athena","100","2012","Outdoor"
"Knaub, Madi","",13,"SCIAC 5 Way Meet Calu","Mar 24, 2012",1.2,"Athena","100","2012","Outdoor"
"Knaub, Madi","",13.01,"2012 Pomona-Pitzer T&F Invite","Apr 14, 2012",1.4,"Athena","100","2012","Outdoor"
"Lewis, Rose","",13.04,"SCIAC 5 Way Meet Calu","Mar 24, 2012",1.2,"Athena","100","2012","Outdoor"
"Bunting, Rachel","SR-4",13.12,"Rossi Relays","Feb 25, 2012",1.2,"Athena","100","2012","Outdoor"
"O'Keefe, Meg","",13.14,"2012 Pomona-Pitzer T&F Invite","Apr 14, 2012",0.7,"Athena","100","2012","Outdoor"
"Knaub, Madi","",13.26,"SDSU Aztec Track & Field Invitational","Mar 15, 2012",-0.6,"Athena","100","2012","Outdoor"
"Knaub, Madi","",13.41,"UCSD - CPP - CMS Triangular","Feb 18, 2012",-1.3,"Athena","100","2012","Outdoor"
"Gaston, Calyx","",13.65,"Rossi Relays","Feb 25, 2012",1.2,"Athena","100","2012","Outdoor"
"Lewis, Rose","",13.69,"UCSD - CPP - CMS Triangular","Feb 18, 2012",-1.3,"Athena","100","2012","Outdoor"
