"Athlete","Year","Time","Meet","Meet_Date","Team","Event","Season","Location"
"Lewis, Rose","SR-4","59.05","SCIAC Quad Meet","Apr 6, 2013","Athena","400","2013","Outdoor"
"O'Keefe, Meg","JR-3","59.65","SCIAC Quad Meet","Apr 6, 2013","Athena","400","2013","Outdoor"
"O'Keefe, Meg","JR-3","59.96","2013 SCIAC Track & Field Championships","Apr 26, 2013","Athena","400","2013","Outdoor"
"O'Keefe, Meg","JR-3","1:00.03","Cal Tech SCIAC 3-Way","Mar 2, 2013","Athena","400","2013","Outdoor"
"Arnett, Alexandra","FR-1","1:00.75","2013 SCIAC Track & Field Championships","Apr 26, 2013","Athena","400","2013","Outdoor"
"O'Keefe, Meg","JR-3","1:01.40","2013 SCIAC Track & Field Championships","Apr 26, 2013","Athena","400","2013","Outdoor"
"Arnett, Alexandra","FR-1","1:01.50","SCIAC Quad Meet","Apr 6, 2013","Athena","400","2013","Outdoor"
"Arnett, Alexandra","FR-1","1:01.53","2013 SCIAC Track & Field Championships","Apr 26, 2013","Athena","400","2013","Outdoor"
"Colton, Reny","SR-4","1:01.57","2013 Pomona-Pitzer T&F Invite","Apr 13, 2013","Athena","400","2013","Outdoor"
"Arnett, Alexandra","FR-1","1:02.43","Caltech/Chapman/CMS/Occidental/Pomona-Pitzer","Mar 23, 2013","Athena","400","2013","Outdoor"
"Arnett, Alexandra","FR-1","1:02.79","Cal Tech SCIAC 3-Way","Mar 2, 2013","Athena","400","2013","Outdoor"
"Arnett, Alexandra","FR-1","1:04.93","UCSD Opening Triangular","Feb 16, 2013","Athena","400","2013","Outdoor"
