"Athlete","Year","Mark","Conv","Meet","Meet_Date","Wind","Team","Event","Season","Location"
"Wong, Matt","FR-1","7.19m","23' 7.25""","2014 Cal-Nevada Track & Field Championships","Apr 4, 2014",0.5,"Stag","LJ","2014","Outdoor"
"Wong, Matt","FR-1","6.98m","22' 11""","Cal Lutheran/CMS/La Verne/Occidental","Mar 8, 2014",1.9,"Stag","LJ","2014","Outdoor"
"Wong, Matt","FR-1","6.95m","22' 9.75""","NCAA Division III Outdoor Track & Field Championships","May 22, 2014",0.3,"Stag","LJ","2014","Outdoor"
"Wong, Matt","FR-1","6.95m","22' 9.75""","2014 SCIAC T&F Championships","May 3, 2014",0.6,"Stag","LJ","2014","Outdoor"
"Wong, Matt","FR-1","6.94m","22' 9.25""","2014 SCIAC T&F Championships","May 3, 2014",0,"Stag","LJ","2014","Outdoor"
"Wong, Matt","FR-1","6.94m","22' 9.25""","Cal Lutheran/CMS/La Verne/Occidental","Mar 8, 2014",1.9,"Stag","LJ","2014","Outdoor"
"Wong, Matt","FR-1","6.93m","22' 9""","2014 Cal-Nevada Track & Field Championships","Apr 4, 2014",0,"Stag","LJ","2014","Outdoor"
"Wong, Matt","FR-1","6.93m","22' 9""","2014 SCIAC Quad Meet","Mar 29, 2014",0,"Stag","LJ","2014","Outdoor"
"Wong, Matt","FR-1","6.92m","22' 8.5""","2014 SCIAC T&F Championships","May 3, 2014",1.1,"Stag","LJ","2014","Outdoor"
"Wong, Matt","FR-1","6.91m","22' 8""","Rossi Relays","Feb 22, 2014",0,"Stag","LJ","2014","Outdoor"
"Wong, Matt","FR-1","6.91m","22' 8""","Cal Lutheran/CMS/La Verne/Occidental","Mar 8, 2014",0.5,"Stag","LJ","2014","Outdoor"
"Wong, Matt","FR-1","6.84m","22' 5.25""","2014 SCIAC T&F Championships","May 3, 2014",-1.1,"Stag","LJ","2014","Outdoor"
"Wong, Matt","FR-1","6.80m","22' 3.75""","Cal Lutheran/CMS/La Verne/Occidental","Mar 8, 2014",0,"Stag","LJ","2014","Outdoor"
"Wong, Matt","FR-1","6.78m","22' 3""","2014 SCIAC Quad Meet","Mar 29, 2014",0.8,"Stag","LJ","2014","Outdoor"
"Wong, Matt","FR-1","6.77m","22' 2.5""","NCAA Division III Outdoor Track & Field Championships","May 22, 2014",0.2,"Stag","LJ","2014","Outdoor"
"Wong, Matt","FR-1","6.76m","22' 2.25""","NCAA Division III Outdoor Track & Field Championships","May 22, 2014",-0.5,"Stag","LJ","2014","Outdoor"
"Wong, Matt","FR-1","6.76m","22' 2.25""","2014 Cal-Nevada Track & Field Championships","Apr 4, 2014",-0.5,"Stag","LJ","2014","Outdoor"
"Wong, Matt","FR-1","6.73m","22' 1""","2014 Cal-Nevada Track & Field Championships","Apr 4, 2014",0.9,"Stag","LJ","2014","Outdoor"
"Wong, Matt","FR-1","6.66m","21' 10.25""","2014 SCIAC Quad Meet","Mar 29, 2014",0,"Stag","LJ","2014","Outdoor"
"Wong, Matt","FR-1","6.64m","21' 9.5""","2014 Cal-Nevada Track & Field Championships","Apr 4, 2014",-0.7,"Stag","LJ","2014","Outdoor"
"Van, Cam","FR-1","6.52m","21' 4.75""","2014 SCIAC T&F Championships","May 3, 2014",0,"Stag","LJ","2014","Outdoor"
"Wong, Matt","FR-1","6.50m","21' 4""","Rossi Relays","Feb 22, 2014",0,"Stag","LJ","2014","Outdoor"
"Van, Cam","FR-1","6.44m","21' 1.5""","UNLV Randall Cunningham Initational","Mar 21, 2014",0,"Stag","LJ","2014","Outdoor"
"Van, Cam","FR-1","6.40m","21' 0""","2014 SCIAC T&F Championships","May 3, 2014",0.3,"Stag","LJ","2014","Outdoor"
"Van, Cam","FR-1","6.28m","20' 7.25""","2014 SCIAC T&F Championships","May 3, 2014",0.4,"Stag","LJ","2014","Outdoor"
"Van, Cam","FR-1","6.24m","20' 5.75""","SCIAC Multi Duals Meet #3","Apr 19, 2014",1.7,"Stag","LJ","2014","Outdoor"
"Van, Cam","FR-1","6.21m","20' 4.5""","UNLV Randall Cunningham Initational","Mar 21, 2014",1.3,"Stag","LJ","2014","Outdoor"
"Van, Cam","FR-1","6.20m","20' 4.25""","Cal Lutheran/CMS/La Verne/Occidental","Mar 8, 2014",1.1,"Stag","LJ","2014","Outdoor"
"Van, Cam","FR-1","6.19m","20' 3.75""","2014 SCIAC Quad Meet","Mar 29, 2014",1.6,"Stag","LJ","2014","Outdoor"
"Van, Cam","FR-1","6.15m","20' 2.25""","SCIAC Multi Duals Meet #3","Apr 19, 2014",1.8,"Stag","LJ","2014","Outdoor"
"Van, Cam","FR-1","6.14m","20' 1.75""","2014 SCIAC T&F Championships","May 3, 2014",0.4,"Stag","LJ","2014","Outdoor"
"Van, Cam","FR-1","6.07m","19' 11""","SCIAC Multi Duals Meet #3","Apr 19, 2014",1.9,"Stag","LJ","2014","Outdoor"
"Van, Cam","FR-1","6.04m","19' 9.75""","2014 SCIAC Quad Meet","Mar 29, 2014",1.4,"Stag","LJ","2014","Outdoor"
"Van, Cam","FR-1","6.01m","19' 8.75""","SCIAC Multi Duals Meet #3","Apr 19, 2014",1.6,"Stag","LJ","2014","Outdoor"
"Van, Cam","FR-1","5.97m","19' 7""","UNLV Randall Cunningham Initational","Mar 21, 2014",1.1,"Stag","LJ","2014","Outdoor"
"Van, Cam","FR-1","5.92m","19' 5.25""","Cal Lutheran/CMS/La Verne/Occidental","Mar 8, 2014",0.7,"Stag","LJ","2014","Outdoor"
"Van, Cam","FR-1","5.90m","19' 4.25""","2014 SCIAC Quad Meet","Mar 29, 2014",1.4,"Stag","LJ","2014","Outdoor"
"Van, Cam","FR-1","5.88m","19' 3.5""","SCIAC Multi Duals Meet #3","Apr 19, 2014",1.5,"Stag","LJ","2014","Outdoor"
"Van, Cam","FR-1","5.79m","19' 0""","2014 SCIAC Quad Meet","Mar 29, 2014",0.9,"Stag","LJ","2014","Outdoor"
"Van, Cam","FR-1","5.78m","18' 11.75""","UNLV Randall Cunningham Initational","Mar 21, 2014",1.5,"Stag","LJ","2014","Outdoor"
"Van, Cam","FR-1","5.76m","18' 10.75""","Cal Lutheran/CMS/La Verne/Occidental","Mar 8, 2014",-0.4,"Stag","LJ","2014","Outdoor"
"Van, Cam","FR-1","5.73m","18' 9.75""","UNLV Randall Cunningham Initational","Mar 21, 2014",1.7,"Stag","LJ","2014","Outdoor"
"Van, Cam","FR-1","5.70m","18' 8.5""","Rossi Relays","Feb 22, 2014",0.7,"Stag","LJ","2014","Outdoor"
"Van, Cam","FR-1","5.68m","18' 7.75""","2014 SCIAC Quad Meet","Mar 29, 2014",0,"Stag","LJ","2014","Outdoor"
"Van, Cam","FR-1","5.63m","18' 5.75""","UNLV Randall Cunningham Initational","Mar 21, 2014",0,"Stag","LJ","2014","Outdoor"
"Van, Cam","FR-1","5.61m","18' 5""","2014 SCIAC Quad Meet","Mar 29, 2014",0,"Stag","LJ","2014","Outdoor"
"Van, Cam","FR-1","5.48m","17' 11.75""","Rossi Relays","Feb 22, 2014",0,"Stag","LJ","2014","Outdoor"
"Van, Cam","FR-1","5.44m","17' 10.25""","SCIAC Multi Duals Meet #3","Apr 19, 2014",0.4,"Stag","LJ","2014","Outdoor"
"Van, Cam","FR-1","5.36m","17' 7""","Rossi Relays","Feb 22, 2014",0.3,"Stag","LJ","2014","Outdoor"
