"Athlete","Year","Time","Meet","Meet_Date","Team","Event","Season","Location"
"Lehr, Jen","FR-1","5:24.96","2014 Pomona-Pitzer T&F All Comers","Feb 15, 2014","Athena","Mile","2014","Outdoor"
"Mow, Rachel","FR-1","5:38.94","2014 Pomona-Pitzer T&F All Comers","Feb 15, 2014","Athena","Mile","2014","Outdoor"
"Brookshire, Rae","SO-2","5:39.08","2014 Pomona-Pitzer T&F All Comers","Feb 15, 2014","Athena","Mile","2014","Outdoor"
"Scott, Amber","FR-1","5:39.65","2014 Pomona-Pitzer T&F All Comers","Feb 15, 2014","Athena","Mile","2014","Outdoor"
"Maslan, Nicki","SO-2","5:45.54","2014 Pomona-Pitzer T&F All Comers","Feb 15, 2014","Athena","Mile","2014","Outdoor"
"Muenzen, Kathleen","FR-1","5:51.22","2014 Pomona-Pitzer T&F All Comers","Feb 15, 2014","Athena","Mile","2014","Outdoor"
"Klein, Emma","FR-1","6:25.49","2014 Pomona-Pitzer T&F All Comers","Feb 15, 2014","Athena","Mile","2014","Outdoor"
"Yao, Tracy","JR-3","6:38.76","2014 Pomona-Pitzer T&F All Comers","Feb 15, 2014","Athena","Mile","2014","Outdoor"
