"Athlete","Year","Mark","Conv","Meet","Meet_Date","Team","Event","Season","Location"
"Ingram, Amy","FR-1","1.52m","4' 11.75""","SCIAC Multi Duals Meet #3","Apr 19, 2014","Athena","HJ","2014","Outdoor"
"Ingram, Amy","FR-1","1.48m","4' 10.25""","UNLV Randall Cunningham Initational","Mar 21, 2014","Athena","HJ","2014","Outdoor"
"Hollshwandner, Amy","FR-1","1.47m","4' 9.75""","Claremont Classic Multi","May 8, 2014","Athena","HJ","2014","Outdoor"
"Ingram, Amy","FR-1","1.47m","4' 9.75""","SCIAC Multi Duals Meet #3","Apr 19, 2014","Athena","HJ","2014","Outdoor"
"Ingram, Amy","FR-1","1.47m","4' 9.75""","2014 SCIAC T&F Championships","May 3, 2014","Athena","HJ","2014","Outdoor"
"Ingram, Amy","FR-1","1.47m","4' 9.75""","2014 SCIAC Quad Meet","Mar 29, 2014","Athena","HJ","2014","Outdoor"
"Ingram, Amy","FR-1","1.45m","4' 9""","Cal Lutheran/CMS/La Verne/Occidental","Mar 8, 2014","Athena","HJ","2014","Outdoor"
"Hollshwandner, Amy","FR-1","1.44m","4' 8.75""","Claremont Classic Multi","May 8, 2014","Athena","HJ","2014","Outdoor"
"Ingram, Amy","FR-1","1.43m","4' 8.25""","UNLV Randall Cunningham Initational","Mar 21, 2014","Athena","HJ","2014","Outdoor"
"Ingram, Amy","FR-1","1.42m","4' 7.75""","SCIAC Multi Duals Meet #3","Apr 19, 2014","Athena","HJ","2014","Outdoor"
"Ingram, Amy","FR-1","1.42m","4' 7.75""","2014 SCIAC T&F Championships","May 3, 2014","Athena","HJ","2014","Outdoor"
"Ingram, Amy","FR-1","1.42m","4' 7.75""","2014 SCIAC Quad Meet","Mar 29, 2014","Athena","HJ","2014","Outdoor"
"Hollshwandner, Amy","FR-1","1.41m","4' 7.5""","Claremont Classic Multi","May 8, 2014","Athena","HJ","2014","Outdoor"
"Ingram, Amy","FR-1","1.40m","4' 7""","Cal Lutheran/CMS/La Verne/Occidental","Mar 8, 2014","Athena","HJ","2014","Outdoor"
"Hollshwandner, Amy","FR-1","1.38m","4' 6.25""","Claremont Classic Multi","May 8, 2014","Athena","HJ","2014","Outdoor"
"Ingram, Amy","FR-1","1.38m","4' 6.25""","UNLV Randall Cunningham Initational","Mar 21, 2014","Athena","HJ","2014","Outdoor"
"Anderson, Kaylee","SO-2","1.37m","4' 6""","2014 SCIAC T&F Championships","May 3, 2014","Athena","HJ","2014","Outdoor"
"Ingram, Amy","FR-1","1.37m","4' 6""","SCIAC Multi Duals Meet #3","Apr 19, 2014","Athena","HJ","2014","Outdoor"
"Ingram, Amy","FR-1","1.37m","4' 6""","2014 SCIAC T&F Championships","May 3, 2014","Athena","HJ","2014","Outdoor"
"Ingram, Amy","FR-1","1.37m","4' 6""","2014 SCIAC Quad Meet","Mar 29, 2014","Athena","HJ","2014","Outdoor"
"Ingram, Amy","FR-1","1.35m","4' 5""","Cal Lutheran/CMS/La Verne/Occidental","Mar 8, 2014","Athena","HJ","2014","Outdoor"
"Hollshwandner, Amy","FR-1","1.35m","4' 5""","Claremont Classic Multi","May 8, 2014","Athena","HJ","2014","Outdoor"
"Anderson, Kaylee","SO-2","1.32m","4' 4""","SCIAC Multi Duals Meet #3","Apr 19, 2014","Athena","HJ","2014","Outdoor"
"Anderson, Kaylee","SO-2","1.32m","4' 4""","2014 SCIAC Quad Meet","Mar 29, 2014","Athena","HJ","2014","Outdoor"
"Anderson, Kaylee","SO-2","1.32m","4' 4""","2014 SCIAC T&F Championships","May 3, 2014","Athena","HJ","2014","Outdoor"
"Blanco, Julia","FR-1","1.30m","4' 3.25""","Cal Lutheran/CMS/La Verne/Occidental","Mar 8, 2014","Athena","HJ","2014","Outdoor"
"Anderson, Kaylee","SO-2","1.27m","4' 2""","SCIAC Multi Duals Meet #3","Apr 19, 2014","Athena","HJ","2014","Outdoor"
"Anderson, Kaylee","SO-2","1.27m","4' 2""","2014 SCIAC Quad Meet","Mar 29, 2014","Athena","HJ","2014","Outdoor"
"Anderson, Kaylee","SO-2","1.27m","4' 2""","2014 SCIAC T&F Championships","May 3, 2014","Athena","HJ","2014","Outdoor"
"Ingram, Amy","FR-1","1.22m","4' 0""","2014 SCIAC Quad Meet","Mar 29, 2014","Athena","HJ","2014","Outdoor"
"Anderson, Kaylee","SO-2","1.22m","4' 0""","2014 SCIAC Quad Meet","Mar 29, 2014","Athena","HJ","2014","Outdoor"
