"Athlete","Year","Mark","Conv","Meet","Meet_Date","Team","Event","Season","Location"
"Rich, Alex","SO-2","42.90m","140' 9""","SCIAC Multi Duals Meet #3","Apr 19, 2014","Stag","DT","2014","Outdoor"
"Rich, Alex","SO-2","42.44m","139' 3""","SCIAC Multi Duals Meet #3","Apr 19, 2014","Stag","DT","2014","Outdoor"
"Rich, Alex","SO-2","41.65m","136' 8""","2014 SCIAC T&F Championships","May 3, 2014","Stag","DT","2014","Outdoor"
"Perrella, Sam","JR-3","41.61m","136' 6""","Cal Lutheran/CMS/La Verne/Occidental","Mar 8, 2014","Stag","DT","2014","Outdoor"
"Rich, Alex","SO-2","41.39m","135' 9""","2014 Pomona-Pitzer T&F All Comers","Feb 15, 2014","Stag","DT","2014","Outdoor"
"Perrella, Sam","JR-3","41.27m","135' 5""","SCIAC Multi Duals Meet #3","Apr 19, 2014","Stag","DT","2014","Outdoor"
"Rich, Alex","SO-2","41.10m","134' 10""","Cal Lutheran/CMS/La Verne/Occidental","Mar 8, 2014","Stag","DT","2014","Outdoor"
"Rich, Alex","SO-2","40.95m","134' 4""","Rossi Relays","Feb 22, 2014","Stag","DT","2014","Outdoor"
"Perrella, Sam","JR-3","40.93m","134' 3""","SCIAC Multi Duals Meet #3","Apr 19, 2014","Stag","DT","2014","Outdoor"
"Perrella, Sam","JR-3","40.84m","134' 0""","Cal Lutheran/CMS/La Verne/Occidental","Mar 8, 2014","Stag","DT","2014","Outdoor"
"Rich, Alex","SO-2","40.83m","133' 11""","SCIAC Multi Duals Meet #3","Apr 19, 2014","Stag","DT","2014","Outdoor"
"Rich, Alex","SO-2","40.43m","132' 8""","SCIAC Multi Duals Meet #3","Apr 19, 2014","Stag","DT","2014","Outdoor"
"Rich, Alex","SO-2","40.39m","132' 6""","2014 Pomona-Pitzer T&F All Comers","Feb 15, 2014","Stag","DT","2014","Outdoor"
"Perrella, Sam","JR-3","40.16m","131' 9""","SCIAC Multi Duals Meet #3","Apr 19, 2014","Stag","DT","2014","Outdoor"
"Rich, Alex","SO-2","40.12m","131' 7""","Rossi Relays","Feb 22, 2014","Stag","DT","2014","Outdoor"
"Rich, Alex","SO-2","40.03m","131' 4""","Rossi Relays","Feb 22, 2014","Stag","DT","2014","Outdoor"
"Perrella, Sam","JR-3","39.89m","130' 10""","2014 Cal-Nevada Track & Field Championships","Apr 4, 2014","Stag","DT","2014","Outdoor"
"Rich, Alex","SO-2","39.70m","130' 3""","2014 SCIAC T&F Championships","May 3, 2014","Stag","DT","2014","Outdoor"
"Rich, Alex","SO-2","39.59m","129' 11""","2014 Pomona-Pitzer T&F Invite (College/Univ)","Apr 12, 2014","Stag","DT","2014","Outdoor"
"Perrella, Sam","JR-3","39.59m","129' 11""","Cal Lutheran/CMS/La Verne/Occidental","Mar 8, 2014","Stag","DT","2014","Outdoor"
"Rich, Alex","SO-2","39.50m","129' 7""","Rossi Relays","Feb 22, 2014","Stag","DT","2014","Outdoor"
"Rich, Alex","SO-2","39.35m","129' 1""","2014 SCIAC T&F Championships","May 3, 2014","Stag","DT","2014","Outdoor"
"Rich, Alex","SO-2","39.26m","128' 10""","Cal Lutheran/CMS/La Verne/Occidental","Mar 8, 2014","Stag","DT","2014","Outdoor"
"Rich, Alex","SO-2","39.16m","128' 6""","2014 SCIAC T&F Championships","May 3, 2014","Stag","DT","2014","Outdoor"
"Perrella, Sam","JR-3","39.09m","128' 3""","Rossi Relays","Feb 22, 2014","Stag","DT","2014","Outdoor"
"Rich, Alex","SO-2","39.06m","128' 2""","Cal Lutheran/CMS/La Verne/Occidental","Mar 8, 2014","Stag","DT","2014","Outdoor"
"Rich, Alex","SO-2","38.75m","127' 1""","2014 SCIAC Quad Meet","Mar 29, 2014","Stag","DT","2014","Outdoor"
"Perrella, Sam","JR-3","38.72m","127' 0""","2014 Cal-Nevada Track & Field Championships","Apr 4, 2014","Stag","DT","2014","Outdoor"
"Perrella, Sam","JR-3","38.65m","126' 10""","SCIAC Multi Duals Meet #3","Apr 19, 2014","Stag","DT","2014","Outdoor"
"Perrella, Sam","JR-3","38.47m","126' 2""","Cal Lutheran/CMS/La Verne/Occidental","Mar 8, 2014","Stag","DT","2014","Outdoor"
"Perrella, Sam","JR-3","38.38m","125' 11""","Rossi Relays","Feb 22, 2014","Stag","DT","2014","Outdoor"
"Rich, Alex","SO-2","38.22m","125' 5""","2014 SCIAC Quad Meet","Mar 29, 2014","Stag","DT","2014","Outdoor"
"Rich, Alex","SO-2","38.21m","125' 4""","2014 SCIAC Quad Meet","Mar 29, 2014","Stag","DT","2014","Outdoor"
"Perrella, Sam","JR-3","38.13m","125' 1""","2014 SCIAC Quad Meet","Mar 29, 2014","Stag","DT","2014","Outdoor"
"Rich, Alex","SO-2","37.98m","124' 7""","Cal Lutheran/CMS/La Verne/Occidental","Mar 8, 2014","Stag","DT","2014","Outdoor"
"Rich, Alex","SO-2","37.91m","124' 4""","2014 SCIAC Quad Meet","Mar 29, 2014","Stag","DT","2014","Outdoor"
"Rich, Alex","SO-2","37.80m","124' 0""","2014 Pomona-Pitzer T&F All Comers","Feb 15, 2014","Stag","DT","2014","Outdoor"
"Rich, Alex","SO-2","37.62m","123' 5""","UNLV Randall Cunningham Initational","Mar 21, 2014","Stag","DT","2014","Outdoor"
"Rich, Alex","SO-2","37.59m","123' 4""","2014 Pomona-Pitzer T&F Invite (College/Univ)","Apr 12, 2014","Stag","DT","2014","Outdoor"
"Perrella, Sam","JR-3","37.58m","123' 3""","2014 Pomona-Pitzer T&F Invite (College/Univ)","Apr 12, 2014","Stag","DT","2014","Outdoor"
"Perrella, Sam","JR-3","37.51m","123' 1""","2014 Pomona-Pitzer T&F Invite (College/Univ)","Apr 12, 2014","Stag","DT","2014","Outdoor"
"Rich, Alex","SO-2","37.45m","122' 10""","2014 Pomona-Pitzer T&F All Comers","Feb 15, 2014","Stag","DT","2014","Outdoor"
"Perrella, Sam","JR-3","37.43m","122' 10""","2014 Pomona-Pitzer T&F Invite (College/Univ)","Apr 12, 2014","Stag","DT","2014","Outdoor"
"Perrella, Sam","JR-3","37.08m","121' 8""","Cal Lutheran/CMS/La Verne/Occidental","Mar 8, 2014","Stag","DT","2014","Outdoor"
"Perrella, Sam","JR-3","37.05m","121' 7""","2014 SCIAC Quad Meet","Mar 29, 2014","Stag","DT","2014","Outdoor"
"Rich, Alex","SO-2","37.05m","121' 7""","2014 Pomona-Pitzer T&F Invite (College/Univ)","Apr 12, 2014","Stag","DT","2014","Outdoor"
"Rich, Alex","SO-2","37.03m","121' 6""","2014 SCIAC Quad Meet","Mar 29, 2014","Stag","DT","2014","Outdoor"
"Perrella, Sam","JR-3","36.80m","120' 9""","2014 SCIAC T&F Championships","May 3, 2014","Stag","DT","2014","Outdoor"
"Rich, Alex","SO-2","36.74m","120' 6""","UNLV Randall Cunningham Initational","Mar 21, 2014","Stag","DT","2014","Outdoor"
"Perrella, Sam","JR-3","36.64m","120' 2""","Rossi Relays","Feb 22, 2014","Stag","DT","2014","Outdoor"
"Perrella, Sam","JR-3","36.56m","119' 11""","2014 Pomona-Pitzer T&F All Comers","Feb 15, 2014","Stag","DT","2014","Outdoor"
"Perrella, Sam","JR-3","36.54m","119' 10""","2014 SCIAC Quad Meet","Mar 29, 2014","Stag","DT","2014","Outdoor"
"Perrella, Sam","JR-3","36.47m","119' 8""","2014 SCIAC T&F Championships","May 3, 2014","Stag","DT","2014","Outdoor"
"Perrella, Sam","JR-3","35.99m","118' 1""","2014 Pomona-Pitzer T&F All Comers","Feb 15, 2014","Stag","DT","2014","Outdoor"
"Perrella, Sam","JR-3","35.78m","117' 5""","Rossi Relays","Feb 22, 2014","Stag","DT","2014","Outdoor"
"Rich, Alex","SO-2","35.23m","115' 7""","Cal Lutheran/CMS/La Verne/Occidental","Mar 8, 2014","Stag","DT","2014","Outdoor"
"Perrella, Sam","JR-3","35.09m","115' 1""","2014 SCIAC Quad Meet","Mar 29, 2014","Stag","DT","2014","Outdoor"
"Perrella, Sam","JR-3","34.99m","114' 9""","2014 Pomona-Pitzer T&F Invite (College/Univ)","Apr 12, 2014","Stag","DT","2014","Outdoor"
"Perrella, Sam","JR-3","34.75m","114' 0""","2014 SCIAC Quad Meet","Mar 29, 2014","Stag","DT","2014","Outdoor"
"Rich, Alex","SO-2","34.22m","112' 3""","2014 SCIAC Quad Meet","Mar 29, 2014","Stag","DT","2014","Outdoor"
"Perrella, Sam","JR-3","32.61m","107' 0""","2014 SCIAC Quad Meet","Mar 29, 2014","Stag","DT","2014","Outdoor"
