"Athlete","Year","Mark","Conv","Meet","Meet_Date","Team","Event","Season","Location"
"Mott, Lauren","SO-2","35.99m","118' 1""","Occidental Invitational (College/University)","May 9, 2015","Athena","JT","2015","Outdoor"
"Mott, Lauren","SO-2","35.91m","117' 10""","SCIAC Multi Dual","Mar 7, 2015","Athena","JT","2015","Outdoor"
"Mott, Lauren","SO-2","35.66m","117' 0""","Pomona-Pitzer/Whittier/La Verne/Claremont-M-S","Mar 28, 2015","Athena","JT","2015","Outdoor"
"Mott, Lauren","SO-2","35.55m","116' 7""","SCIAC Multi Dual","Mar 7, 2015","Athena","JT","2015","Outdoor"
"Mott, Lauren","SO-2","35.19m","115' 5""","Caltech/Cal Lu/Chapman/CMS/Whittier","Apr 11, 2015","Athena","JT","2015","Outdoor"
"Mott, Lauren","SO-2","35.00m","114' 10""","Pomona-Pitzer/Whittier/La Verne/Claremont-M-S","Mar 28, 2015","Athena","JT","2015","Outdoor"
"Mott, Lauren","SO-2","34.56m","113' 5""","Occidental Invitational (College/University)","May 9, 2015","Athena","JT","2015","Outdoor"
"Mott, Lauren","SO-2","34.56m","113' 5""","SCIAC Multi Dual","Mar 7, 2015","Athena","JT","2015","Outdoor"
"Mott, Lauren","SO-2","34.17m","112' 1""","2015 SCIAC Track & Field Championships","May 1, 2015","Athena","JT","2015","Outdoor"
"Mott, Lauren","SO-2","33.91m","111' 3""","Pomona-Pitzer/Whittier/La Verne/Claremont-M-S","Mar 28, 2015","Athena","JT","2015","Outdoor"
"Mott, Lauren","SO-2","33.78m","110' 10""","Caltech/Cal Lu/Chapman/CMS/Whittier","Apr 11, 2015","Athena","JT","2015","Outdoor"
"Mott, Lauren","SO-2","33.75m","110' 9""","Westmont Collegiate Classic","Mar 21, 2015","Athena","JT","2015","Outdoor"
"Mott, Lauren","SO-2","33.70m","110' 7""","2015 SCIAC Track & Field Championships","May 1, 2015","Athena","JT","2015","Outdoor"
"Mott, Lauren","SO-2","33.55m","110' 1""","Pomona-Pitzer/Whittier/La Verne/Claremont-M-S","Mar 28, 2015","Athena","JT","2015","Outdoor"
"Mott, Lauren","SO-2","32.84m","107' 9""","2015 Triton Invitational","Apr 24, 2015","Athena","JT","2015","Outdoor"
"Mott, Lauren","SO-2","32.70m","107' 3""","2015 SCIAC Track & Field Championships","May 1, 2015","Athena","JT","2015","Outdoor"
"Mott, Lauren","SO-2","32.61m","107' 0""","Occidental Invitational (College/University)","May 9, 2015","Athena","JT","2015","Outdoor"
"Mott, Lauren","SO-2","32.56m","106' 10""","2015 Pomona-Pitzer T&F Invite","Apr 4, 2015","Athena","JT","2015","Outdoor"
"Mott, Lauren","SO-2","32.40m","106' 3""","2015 Pomona-Pitzer T&F Invite","Apr 4, 2015","Athena","JT","2015","Outdoor"
"Mott, Lauren","SO-2","31.59m","103' 8""","Westmont Collegiate Classic","Mar 21, 2015","Athena","JT","2015","Outdoor"
"Mott, Lauren","SO-2","30.70m","100' 9""","2015 SCIAC Track & Field Championships","May 1, 2015","Athena","JT","2015","Outdoor"
"Mott, Lauren","SO-2","29.04m","95' 3""","2015 SCIAC Track & Field Championships","May 1, 2015","Athena","JT","2015","Outdoor"
"Mott, Lauren","SO-2","28.72m","94' 3""","Westmont Collegiate Classic","Mar 21, 2015","Athena","JT","2015","Outdoor"
"Mott, Lauren","SO-2","25.59m","83' 11""","Caltech/Cal Lu/Chapman/CMS/Whittier","Apr 11, 2015","Athena","JT","2015","Outdoor"
"Hollshwandner, Amy","SO-2","25.20m","82' 8""","Westmont Collegiate Classic","Mar 21, 2015","Athena","JT","2015","Outdoor"
"Hollshwandner, Amy","SO-2","23.93m","78' 6""","Claremont Classic Multi","May 7, 2015","Athena","JT","2015","Outdoor"
"Hollshwandner, Amy","SO-2","23.75m","77' 11""","Westmont Collegiate Classic","Mar 21, 2015","Athena","JT","2015","Outdoor"
"Hollshwandner, Amy","SO-2","23.66m","77' 7""","Claremont Classic Multi","May 7, 2015","Athena","JT","2015","Outdoor"
"Hollshwandner, Amy","SO-2","23.19m","76' 1""","Westmont Collegiate Classic","Mar 21, 2015","Athena","JT","2015","Outdoor"
"Hollshwandner, Amy","SO-2","21.20m","69' 7""","2015 Pomona-Pitzer T&F Invite","Apr 4, 2015","Athena","JT","2015","Outdoor"
"Mott, Lauren","SO-2","19.78m","64' 11""","Westmont Collegiate Classic","Mar 21, 2015","Athena","JT","2015","Outdoor"
"Hollshwandner, Amy","SO-2","19.70m","64' 7""","2015 Pomona-Pitzer T&F Invite","Apr 4, 2015","Athena","JT","2015","Outdoor"
"Hollshwandner, Amy","SO-2","19.60m","64' 4""","2015 Pomona-Pitzer T&F Invite","Apr 4, 2015","Athena","JT","2015","Outdoor"
"Hollshwandner, Amy","SO-2","19.33m","63' 5""","2015 Pomona-Pitzer All Comers","Feb 21, 2015","Athena","JT","2015","Outdoor"
"Hollshwandner, Amy","SO-2","18.94m","62' 2""","2015 Pomona-Pitzer T&F Invite","Apr 4, 2015","Athena","JT","2015","Outdoor"
"Hollshwandner, Amy","SO-2","17.84m","58' 6""","2015 Pomona-Pitzer All Comers","Feb 21, 2015","Athena","JT","2015","Outdoor"
"Hollshwandner, Amy","SO-2","17.79m","58' 4""","2015 Pomona-Pitzer All Comers","Feb 21, 2015","Athena","JT","2015","Outdoor"
"Hollshwandner, Amy","SO-2","17.40m","57' 1""","2015 Pomona-Pitzer All Comers","Feb 21, 2015","Athena","JT","2015","Outdoor"
