"Athlete","Year","Mark","Conv","Meet","Meet_Date","Team","Event","Season","Location"
"Perrella, Sam","SR-4","52.99m","173' 10""","Caltech/Cal Lu/Chapman/CMS/Whittier","Apr 11, 2015","Stag","HT","2015","Outdoor"
"Rich, Alex","JR-3","52.22m","171' 4""","Caltech/Cal Lu/Chapman/CMS/Whittier","Apr 11, 2015","Stag","HT","2015","Outdoor"
"Perrella, Sam","SR-4","51.74m","169' 9""","2015 SCIAC Track & Field Championships","May 1, 2015","Stag","HT","2015","Outdoor"
"Rich, Alex","JR-3","51.62m","169' 4""","2015 SCIAC Track & Field Championships","May 1, 2015","Stag","HT","2015","Outdoor"
"Rich, Alex","JR-3","51.58m","169' 3""","2015 Pomona-Pitzer T&F Invite","Apr 4, 2015","Stag","HT","2015","Outdoor"
"Rich, Alex","JR-3","50.83m","166' 9""","SCIAC Multi Dual","Mar 7, 2015","Stag","HT","2015","Outdoor"
"Rich, Alex","JR-3","50.74m","166' 6""","Pomona-Pitzer/Whittier/La Verne/Claremont-M-S","Mar 28, 2015","Stag","HT","2015","Outdoor"
"Rich, Alex","JR-3","50.67m","166' 3""","2015 Pomona-Pitzer T&F Invite","Apr 4, 2015","Stag","HT","2015","Outdoor"
"Rich, Alex","JR-3","50.66m","166' 2""","2015 Pomona-Pitzer T&F Invite","Apr 4, 2015","Stag","HT","2015","Outdoor"
"Rich, Alex","JR-3","50.65m","166' 2""","SCIAC Multi Dual","Mar 7, 2015","Stag","HT","2015","Outdoor"
"Rich, Alex","JR-3","50.53m","165' 9""","Occidental Invitational (College/University)","May 9, 2015","Stag","HT","2015","Outdoor"
"Rich, Alex","JR-3","50.47m","165' 7""","2015 SCIAC Track & Field Championships","May 1, 2015","Stag","HT","2015","Outdoor"
"Rich, Alex","JR-3","50.47m","165' 7""","Caltech/Cal Lu/Chapman/CMS/Whittier","Apr 11, 2015","Stag","HT","2015","Outdoor"
"Rich, Alex","JR-3","50.45m","165' 6""","SCIAC Multi Dual","Mar 7, 2015","Stag","HT","2015","Outdoor"
"Rich, Alex","JR-3","50.39m","165' 4""","Caltech/Cal Lu/Chapman/CMS/Whittier","Apr 11, 2015","Stag","HT","2015","Outdoor"
"Perrella, Sam","SR-4","50.31m","165' 1""","Pomona-Pitzer/Whittier/La Verne/Claremont-M-S","Mar 28, 2015","Stag","HT","2015","Outdoor"
"Rich, Alex","JR-3","50.21m","164' 9""","SCIAC Multi Dual","Mar 7, 2015","Stag","HT","2015","Outdoor"
"Rich, Alex","JR-3","50.12m","164' 5""","SCIAC Multi Dual","Mar 7, 2015","Stag","HT","2015","Outdoor"
"Rich, Alex","JR-3","50.11m","164' 5""","Pomona-Pitzer/Whittier/La Verne/Claremont-M-S","Mar 28, 2015","Stag","HT","2015","Outdoor"
"Rich, Alex","JR-3","50.08m","164' 4""","Caltech/Cal Lu/Chapman/CMS/Whittier","Apr 11, 2015","Stag","HT","2015","Outdoor"
"Rich, Alex","JR-3","49.98m","164' 0""","Pomona-Pitzer/Whittier/La Verne/Claremont-M-S","Mar 28, 2015","Stag","HT","2015","Outdoor"
"Rich, Alex","JR-3","49.95m","163' 10""","Pomona-Pitzer/Whittier/La Verne/Claremont-M-S","Mar 28, 2015","Stag","HT","2015","Outdoor"
"Rich, Alex","JR-3","49.76m","163' 3""","Caltech/Cal Lu/Chapman/CMS/Whittier","Apr 11, 2015","Stag","HT","2015","Outdoor"
"Perrella, Sam","SR-4","49.69m","163' 0""","Pomona-Pitzer/Whittier/La Verne/Claremont-M-S","Mar 28, 2015","Stag","HT","2015","Outdoor"
"Rich, Alex","JR-3","49.45m","162' 3""","Pomona-Pitzer/Whittier/La Verne/Claremont-M-S","Mar 28, 2015","Stag","HT","2015","Outdoor"
"Rich, Alex","JR-3","49.39m","162' 0""","Westmont Collegiate Classic","Mar 21, 2015","Stag","HT","2015","Outdoor"
"Rich, Alex","JR-3","49.32m","161' 10""","Rossi Relays","Feb 28, 2015","Stag","HT","2015","Outdoor"
"Rich, Alex","JR-3","49.27m","161' 8""","2015 Pomona-Pitzer T&F Invite","Apr 4, 2015","Stag","HT","2015","Outdoor"
"Rich, Alex","JR-3","49.22m","161' 6""","SCIAC Multi Dual","Mar 7, 2015","Stag","HT","2015","Outdoor"
"Rich, Alex","JR-3","48.99m","160' 9""","Occidental Invitational (College/University)","May 9, 2015","Stag","HT","2015","Outdoor"
"Perrella, Sam","SR-4","48.93m","160' 6""","Pomona-Pitzer/Whittier/La Verne/Claremont-M-S","Mar 28, 2015","Stag","HT","2015","Outdoor"
"Rich, Alex","JR-3","48.76m","160' 0""","Occidental Invitational (College/University)","May 9, 2015","Stag","HT","2015","Outdoor"
"Rich, Alex","JR-3","48.57m","159' 4""","2015 SCIAC Track & Field Championships","May 1, 2015","Stag","HT","2015","Outdoor"
"Perrella, Sam","SR-4","48.41m","158' 10""","2015 Pomona-Pitzer T&F Invite","Apr 4, 2015","Stag","HT","2015","Outdoor"
"Rich, Alex","JR-3","48.39m","158' 9""","Rossi Relays","Feb 28, 2015","Stag","HT","2015","Outdoor"
"Rich, Alex","JR-3","48.33m","158' 7""","Westmont Collegiate Classic","Mar 21, 2015","Stag","HT","2015","Outdoor"
"Perrella, Sam","SR-4","48.09m","157' 9""","Pomona-Pitzer/Whittier/La Verne/Claremont-M-S","Mar 28, 2015","Stag","HT","2015","Outdoor"
"Perrella, Sam","SR-4","47.53m","155' 11""","2015 SCIAC Track & Field Championships","May 1, 2015","Stag","HT","2015","Outdoor"
"Rich, Alex","JR-3","47.49m","155' 10""","2015 Triton Invitational","Apr 24, 2015","Stag","HT","2015","Outdoor"
"Perrella, Sam","SR-4","47.41m","155' 6""","Caltech/Cal Lu/Chapman/CMS/Whittier","Apr 11, 2015","Stag","HT","2015","Outdoor"
"Perrella, Sam","SR-4","47.38m","155' 5""","SCIAC Multi Dual","Mar 7, 2015","Stag","HT","2015","Outdoor"
"Perrella, Sam","SR-4","47.12m","154' 7""","2015 Pomona-Pitzer T&F Invite","Apr 4, 2015","Stag","HT","2015","Outdoor"
"Rich, Alex","JR-3","47.07m","154' 5""","Rossi Relays","Feb 28, 2015","Stag","HT","2015","Outdoor"
"Perrella, Sam","SR-4","47.04m","154' 4""","2015 SCIAC Track & Field Championships","May 1, 2015","Stag","HT","2015","Outdoor"
"Rich, Alex","JR-3","46.96m","154' 1""","2015 Pomona-Pitzer All Comers","Feb 21, 2015","Stag","HT","2015","Outdoor"
"Perrella, Sam","SR-4","46.76m","153' 5""","2015 Pomona-Pitzer T&F Invite","Apr 4, 2015","Stag","HT","2015","Outdoor"
"Rich, Alex","JR-3","46.72m","153' 3""","Rossi Relays","Feb 28, 2015","Stag","HT","2015","Outdoor"
"Perrella, Sam","SR-4","45.91m","150' 7""","SCIAC Multi Dual","Mar 7, 2015","Stag","HT","2015","Outdoor"
"Perrella, Sam","SR-4","45.43m","149' 0""","2015 Pomona-Pitzer T&F Invite","Apr 4, 2015","Stag","HT","2015","Outdoor"
"Rich, Alex","JR-3","44.71m","146' 8""","2015 Pomona-Pitzer All Comers","Feb 21, 2015","Stag","HT","2015","Outdoor"
"Perrella, Sam","SR-4","44.65m","146' 6""","Rossi Relays","Feb 28, 2015","Stag","HT","2015","Outdoor"
"Perrella, Sam","SR-4","43.99m","144' 4""","SCIAC Multi Dual","Mar 7, 2015","Stag","HT","2015","Outdoor"
"Rich, Alex","JR-3","43.68m","143' 4""","2015 Pomona-Pitzer All Comers","Feb 21, 2015","Stag","HT","2015","Outdoor"
"Perrella, Sam","SR-4","42.34m","138' 11""","2015 Pomona-Pitzer All Comers","Feb 21, 2015","Stag","HT","2015","Outdoor"
"Perrella, Sam","SR-4","41.03m","134' 7""","2015 Pomona-Pitzer All Comers","Feb 21, 2015","Stag","HT","2015","Outdoor"
"Perrella, Sam","SR-4","40.01m","131' 3""","2015 Pomona-Pitzer All Comers","Feb 21, 2015","Stag","HT","2015","Outdoor"
"Rich, Alex","JR-3","35.25m","115' 8""","2015 SCIAC Track & Field Championships","May 1, 2015","Stag","HT","2015","Outdoor"
