"Athlete","Year","Mark","Conv","Meet","Meet_Date","Team","Event","Season","Location"
"Palunas, Vaiva","SO-2","13.22m","43' 4.5""","2015 SCIAC Track & Field Championships","May 1, 2015","Athena","SP","2015","Outdoor"
"Palunas, Vaiva","SO-2","12.62m","41' 5""","2015 Triton Invitational","Apr 24, 2015","Athena","SP","2015","Outdoor"
"Palunas, Vaiva","SO-2","12.54m","41' 1.75""","Occidental Invitational (College/University)","May 9, 2015","Athena","SP","2015","Outdoor"
"Palunas, Vaiva","SO-2","12.45m","40' 10.25""","Occidental Invitational (College/University)","May 9, 2015","Athena","SP","2015","Outdoor"
"Palunas, Vaiva","SO-2","12.43m","40' 9.5""","2015 SCIAC Track & Field Championships","May 1, 2015","Athena","SP","2015","Outdoor"
"Palunas, Vaiva","SO-2","12.39m","40' 7.75""","Occidental Invitational (College/University)","May 9, 2015","Athena","SP","2015","Outdoor"
"Palunas, Vaiva","SO-2","12.38m","40' 7.5""","2015 SCIAC Track & Field Championships","May 1, 2015","Athena","SP","2015","Outdoor"
"Palunas, Vaiva","SO-2","12.36m","40' 6.75""","Caltech/Cal Lu/Chapman/CMS/Whittier","Apr 11, 2015","Athena","SP","2015","Outdoor"
"Palunas, Vaiva","SO-2","12.32m","40' 5""","Westmont Collegiate Classic","Mar 21, 2015","Athena","SP","2015","Outdoor"
"Palunas, Vaiva","SO-2","12.18m","39' 11.5""","2015 SCIAC Track & Field Championships","May 1, 2015","Athena","SP","2015","Outdoor"
"Palunas, Vaiva","SO-2","12.06m","39' 7""","Caltech/Cal Lu/Chapman/CMS/Whittier","Apr 11, 2015","Athena","SP","2015","Outdoor"
"Bassett, Emily","FR-1","12.03m","39' 5.75""","2015 SCIAC Track & Field Championships","May 1, 2015","Athena","SP","2015","Outdoor"
"Palunas, Vaiva","SO-2","12.01m","39' 5""","2015 Pomona-Pitzer T&F Invite","Apr 4, 2015","Athena","SP","2015","Outdoor"
"Palunas, Vaiva","SO-2","11.96m","39' 3""","Westmont Collegiate Classic","Mar 21, 2015","Athena","SP","2015","Outdoor"
"Bassett, Emily","FR-1","11.91m","39' 1""","2015 Triton Invitational","Apr 24, 2015","Athena","SP","2015","Outdoor"
"Bassett, Emily","FR-1","11.89m","39' 0.25""","2015 Pomona-Pitzer All Comers","Feb 21, 2015","Athena","SP","2015","Outdoor"
"Bassett, Emily","FR-1","11.88m","38' 11.75""","Pomona-Pitzer/Whittier/La Verne/Claremont-M-S","Mar 28, 2015","Athena","SP","2015","Outdoor"
"Palunas, Vaiva","SO-2","11.88m","38' 11.75""","2015 Pomona-Pitzer T&F Invite","Apr 4, 2015","Athena","SP","2015","Outdoor"
"Bassett, Emily","FR-1","11.88m","38' 11.75""","2015 SCIAC Track & Field Championships","May 1, 2015","Athena","SP","2015","Outdoor"
"Palunas, Vaiva","SO-2","11.87m","38' 11.5""","Westmont Collegiate Classic","Mar 21, 2015","Athena","SP","2015","Outdoor"
"Bassett, Emily","FR-1","11.66m","38' 3.25""","2015 SCIAC Track & Field Championships","May 1, 2015","Athena","SP","2015","Outdoor"
"Palunas, Vaiva","SO-2","11.65m","38' 2.75""","SCIAC Multi Dual","Mar 7, 2015","Athena","SP","2015","Outdoor"
"Palunas, Vaiva","SO-2","11.64m","38' 2.25""","Pomona-Pitzer/Whittier/La Verne/Claremont-M-S","Mar 28, 2015","Athena","SP","2015","Outdoor"
"Bassett, Emily","FR-1","11.63m","38' 2""","Rossi Relays","Feb 28, 2015","Athena","SP","2015","Outdoor"
"Palunas, Vaiva","SO-2","11.61m","38' 1.25""","Pomona-Pitzer/Whittier/La Verne/Claremont-M-S","Mar 28, 2015","Athena","SP","2015","Outdoor"
"Palunas, Vaiva","SO-2","11.60m","38' 0.75""","Occidental Invitational (College/University)","May 9, 2015","Athena","SP","2015","Outdoor"
"Palunas, Vaiva","SO-2","11.53m","37' 10""","SCIAC Multi Dual","Mar 7, 2015","Athena","SP","2015","Outdoor"
"Bassett, Emily","FR-1","11.42m","37' 5.75""","2015 SCIAC Track & Field Championships","May 1, 2015","Athena","SP","2015","Outdoor"
"Palunas, Vaiva","SO-2","11.42m","37' 5.75""","2015 SCIAC Track & Field Championships","May 1, 2015","Athena","SP","2015","Outdoor"
"Palunas, Vaiva","SO-2","11.41m","37' 5.25""","Rossi Relays","Feb 28, 2015","Athena","SP","2015","Outdoor"
"Palunas, Vaiva","SO-2","11.40m","37' 5""","2015 Pomona-Pitzer All Comers","Feb 21, 2015","Athena","SP","2015","Outdoor"
"Palunas, Vaiva","SO-2","11.36m","37' 3.25""","Caltech/Cal Lu/Chapman/CMS/Whittier","Apr 11, 2015","Athena","SP","2015","Outdoor"
"Palunas, Vaiva","SO-2","11.31m","37' 1.25""","Caltech/Cal Lu/Chapman/CMS/Whittier","Apr 11, 2015","Athena","SP","2015","Outdoor"
"Bassett, Emily","FR-1","11.31m","37' 1.25""","2015 SCIAC Track & Field Championships","May 1, 2015","Athena","SP","2015","Outdoor"
"Palunas, Vaiva","SO-2","11.31m","37' 1.25""","Westmont Collegiate Classic","Mar 21, 2015","Athena","SP","2015","Outdoor"
"Palunas, Vaiva","SO-2","11.30m","37' 1""","Caltech/Cal Lu/Chapman/CMS/Whittier","Apr 11, 2015","Athena","SP","2015","Outdoor"
"Bassett, Emily","FR-1","11.20m","36' 9""","2015 Pomona-Pitzer All Comers","Feb 21, 2015","Athena","SP","2015","Outdoor"
"Palunas, Vaiva","SO-2","11.15m","36' 7""","Caltech/Cal Lu/Chapman/CMS/Whittier","Apr 11, 2015","Athena","SP","2015","Outdoor"
"Bassett, Emily","FR-1","11.08m","36' 4.25""","2015 Pomona-Pitzer T&F Invite","Apr 4, 2015","Athena","SP","2015","Outdoor"
"Bassett, Emily","FR-1","11.01m","36' 1.5""","2015 Pomona-Pitzer All Comers","Feb 21, 2015","Athena","SP","2015","Outdoor"
"Palunas, Vaiva","SO-2","10.94m","35' 10.75""","SCIAC Multi Dual","Mar 7, 2015","Athena","SP","2015","Outdoor"
"Palunas, Vaiva","SO-2","10.93m","35' 10.5""","2015 Pomona-Pitzer All Comers","Feb 21, 2015","Athena","SP","2015","Outdoor"
"Palunas, Vaiva","SO-2","10.93m","35' 10.5""","Pomona-Pitzer/Whittier/La Verne/Claremont-M-S","Mar 28, 2015","Athena","SP","2015","Outdoor"
"Palunas, Vaiva","SO-2","10.87m","35' 8""","Pomona-Pitzer/Whittier/La Verne/Claremont-M-S","Mar 28, 2015","Athena","SP","2015","Outdoor"
"Palunas, Vaiva","SO-2","10.81m","35' 5.75""","2015 SCIAC Track & Field Championships","May 1, 2015","Athena","SP","2015","Outdoor"
"Palunas, Vaiva","SO-2","10.80m","35' 5.25""","SCIAC Multi Dual","Mar 7, 2015","Athena","SP","2015","Outdoor"
"Palunas, Vaiva","SO-2","10.73m","35' 2.5""","Pomona-Pitzer/Whittier/La Verne/Claremont-M-S","Mar 28, 2015","Athena","SP","2015","Outdoor"
"Bassett, Emily","FR-1","10.71m","35' 1.75""","Caltech/Cal Lu/Chapman/CMS/Whittier","Apr 11, 2015","Athena","SP","2015","Outdoor"
"Bassett, Emily","FR-1","10.66m","34' 11.75""","SCIAC Multi Dual","Mar 7, 2015","Athena","SP","2015","Outdoor"
"Bassett, Emily","FR-1","10.61m","34' 9.75""","Pomona-Pitzer/Whittier/La Verne/Claremont-M-S","Mar 28, 2015","Athena","SP","2015","Outdoor"
"Palunas, Vaiva","SO-2","10.60m","34' 9.5""","SCIAC Multi Dual","Mar 7, 2015","Athena","SP","2015","Outdoor"
"Bassett, Emily","FR-1","10.57m","34' 8.25""","2015 Pomona-Pitzer T&F Invite","Apr 4, 2015","Athena","SP","2015","Outdoor"
"Bassett, Emily","FR-1","10.55m","34' 7.5""","Pomona-Pitzer/Whittier/La Verne/Claremont-M-S","Mar 28, 2015","Athena","SP","2015","Outdoor"
"Bassett, Emily","FR-1","10.54m","34' 7""","Pomona-Pitzer/Whittier/La Verne/Claremont-M-S","Mar 28, 2015","Athena","SP","2015","Outdoor"
"Bassett, Emily","FR-1","10.51m","34' 5.75""","Rossi Relays","Feb 28, 2015","Athena","SP","2015","Outdoor"
"Bassett, Emily","FR-1","10.49m","34' 5""","SCIAC Multi Dual","Mar 7, 2015","Athena","SP","2015","Outdoor"
"Bassett, Emily","FR-1","10.47m","34' 4.25""","SCIAC Multi Dual","Mar 7, 2015","Athena","SP","2015","Outdoor"
"Bassett, Emily","FR-1","10.46m","34' 4""","Pomona-Pitzer/Whittier/La Verne/Claremont-M-S","Mar 28, 2015","Athena","SP","2015","Outdoor"
"Bassett, Emily","FR-1","10.39m","34' 1.25""","2015 Pomona-Pitzer T&F Invite","Apr 4, 2015","Athena","SP","2015","Outdoor"
"Palunas, Vaiva","SO-2","10.31m","33' 10""","Rossi Relays","Feb 28, 2015","Athena","SP","2015","Outdoor"
"Palunas, Vaiva","SO-2","10.29m","33' 9.25""","2015 Pomona-Pitzer All Comers","Feb 21, 2015","Athena","SP","2015","Outdoor"
"Maheras, Amanda","SO-2","10.26m","33' 8""","Caltech/Cal Lu/Chapman/CMS/Whittier","Apr 11, 2015","Athena","SP","2015","Outdoor"
"Bassett, Emily","FR-1","10.25m","33' 7.5""","Caltech/Cal Lu/Chapman/CMS/Whittier","Apr 11, 2015","Athena","SP","2015","Outdoor"
"Palunas, Vaiva","SO-2","10.18m","33' 4.75""","Rossi Relays","Feb 28, 2015","Athena","SP","2015","Outdoor"
"Bassett, Emily","FR-1","10.08m","33' 1""","Rossi Relays","Feb 28, 2015","Athena","SP","2015","Outdoor"
"Palunas, Vaiva","SO-2","10.03m","32' 11""","2015 Pomona-Pitzer T&F Invite","Apr 4, 2015","Athena","SP","2015","Outdoor"
"Bassett, Emily","FR-1","10.01m","32' 10.25""","2015 Pomona-Pitzer All Comers","Feb 21, 2015","Athena","SP","2015","Outdoor"
"Bassett, Emily","FR-1","9.99m","32' 9.5""","Caltech/Cal Lu/Chapman/CMS/Whittier","Apr 11, 2015","Athena","SP","2015","Outdoor"
"Maheras, Amanda","SO-2","9.96m","32' 8.25""","2015 Pomona-Pitzer T&F Invite","Apr 4, 2015","Athena","SP","2015","Outdoor"
"Bassett, Emily","FR-1","9.96m","32' 8.25""","Westmont Collegiate Classic","Mar 21, 2015","Athena","SP","2015","Outdoor"
"Maheras, Amanda","SO-2","9.93m","32' 7""","Westmont Collegiate Classic","Mar 21, 2015","Athena","SP","2015","Outdoor"
"Maheras, Amanda","SO-2","9.92m","32' 6.5""","2015 Triton Invitational","Apr 24, 2015","Athena","SP","2015","Outdoor"
"Maheras, Amanda","SO-2","9.92m","32' 6.5""","Pomona-Pitzer/Whittier/La Verne/Claremont-M-S","Mar 28, 2015","Athena","SP","2015","Outdoor"
"Bassett, Emily","FR-1","9.91m","32' 6.25""","Pomona-Pitzer/Whittier/La Verne/Claremont-M-S","Mar 28, 2015","Athena","SP","2015","Outdoor"
"Bassett, Emily","FR-1","9.89m","32' 5.5""","SCIAC Multi Dual","Mar 7, 2015","Athena","SP","2015","Outdoor"
"Maheras, Amanda","SO-2","9.84m","32' 3.5""","Caltech/Cal Lu/Chapman/CMS/Whittier","Apr 11, 2015","Athena","SP","2015","Outdoor"
"Maheras, Amanda","SO-2","9.84m","32' 3.5""","Westmont Collegiate Classic","Mar 21, 2015","Athena","SP","2015","Outdoor"
"Maheras, Amanda","SO-2","9.79m","32' 1.5""","SCIAC Multi Dual","Mar 7, 2015","Athena","SP","2015","Outdoor"
"Maheras, Amanda","SO-2","9.71m","31' 10.25""","2015 SCIAC Track & Field Championships","May 1, 2015","Athena","SP","2015","Outdoor"
"Bassett, Emily","FR-1","9.70m","31' 10""","Westmont Collegiate Classic","Mar 21, 2015","Athena","SP","2015","Outdoor"
"Maheras, Amanda","SO-2","9.70m","31' 10""","Occidental Invitational (College/University)","May 9, 2015","Athena","SP","2015","Outdoor"
"Maheras, Amanda","SO-2","9.66m","31' 8.5""","Westmont Collegiate Classic","Mar 21, 2015","Athena","SP","2015","Outdoor"
"Maheras, Amanda","SO-2","9.65m","31' 8""","Caltech/Cal Lu/Chapman/CMS/Whittier","Apr 11, 2015","Athena","SP","2015","Outdoor"
"Maheras, Amanda","SO-2","9.60m","31' 6""","Westmont Collegiate Classic","Mar 21, 2015","Athena","SP","2015","Outdoor"
"Bassett, Emily","FR-1","9.56m","31' 4.5""","Westmont Collegiate Classic","Mar 21, 2015","Athena","SP","2015","Outdoor"
"Maheras, Amanda","SO-2","9.53m","31' 3.25""","SCIAC Multi Dual","Mar 7, 2015","Athena","SP","2015","Outdoor"
"Maheras, Amanda","SO-2","9.52m","31' 3""","2015 Pomona-Pitzer T&F Invite","Apr 4, 2015","Athena","SP","2015","Outdoor"
"Maheras, Amanda","SO-2","9.49m","31' 1.75""","Occidental Invitational (College/University)","May 9, 2015","Athena","SP","2015","Outdoor"
"Maheras, Amanda","SO-2","9.48m","31' 1.25""","2015 SCIAC Track & Field Championships","May 1, 2015","Athena","SP","2015","Outdoor"
"Maheras, Amanda","SO-2","9.48m","31' 1.25""","SCIAC Multi Dual","Mar 7, 2015","Athena","SP","2015","Outdoor"
"Maheras, Amanda","SO-2","9.44m","30' 11.75""","Caltech/Cal Lu/Chapman/CMS/Whittier","Apr 11, 2015","Athena","SP","2015","Outdoor"
"Maheras, Amanda","SO-2","9.34m","30' 7.75""","Pomona-Pitzer/Whittier/La Verne/Claremont-M-S","Mar 28, 2015","Athena","SP","2015","Outdoor"
"Maheras, Amanda","SO-2","9.34m","30' 7.75""","2015 SCIAC Track & Field Championships","May 1, 2015","Athena","SP","2015","Outdoor"
"Maheras, Amanda","SO-2","9.19m","30' 2""","SCIAC Multi Dual","Mar 7, 2015","Athena","SP","2015","Outdoor"
"Bassett, Emily","FR-1","9.17m","30' 1""","SCIAC Multi Dual","Mar 7, 2015","Athena","SP","2015","Outdoor"
"Maheras, Amanda","SO-2","8.86m","29' 1""","2015 Pomona-Pitzer All Comers","Feb 21, 2015","Athena","SP","2015","Outdoor"
"Hollshwandner, Amy","SO-2","8.83m","28' 11.75""","Rossi Relays","Feb 28, 2015","Athena","SP","2015","Outdoor"
"Maheras, Amanda","SO-2","8.77m","28' 9.25""","Rossi Relays","Feb 28, 2015","Athena","SP","2015","Outdoor"
"Maheras, Amanda","SO-2","8.73m","28' 7.75""","2015 Pomona-Pitzer All Comers","Feb 21, 2015","Athena","SP","2015","Outdoor"
"Maheras, Amanda","SO-2","8.72m","28' 7.5""","Rossi Relays","Feb 28, 2015","Athena","SP","2015","Outdoor"
"Laliberte, Nicole","SO-2","8.67m","28' 5.5""","SCIAC Multi Dual","Mar 7, 2015","Athena","SP","2015","Outdoor"
"Hollshwandner, Amy","SO-2","8.67m","28' 5.5""","Rossi Relays","Feb 28, 2015","Athena","SP","2015","Outdoor"
"Maheras, Amanda","SO-2","8.58m","28' 1.75""","2015 Pomona-Pitzer All Comers","Feb 21, 2015","Athena","SP","2015","Outdoor"
"Bassett, Emily","FR-1","8.57m","28' 1.5""","SCIAC Multi Dual","Mar 7, 2015","Athena","SP","2015","Outdoor"
"Hollshwandner, Amy","SO-2","8.55m","28' 0.75""","Caltech/Cal Lu/Chapman/CMS/Whittier","Apr 11, 2015","Athena","SP","2015","Outdoor"
"Maheras, Amanda","SO-2","8.55m","28' 0.75""","Pomona-Pitzer/Whittier/La Verne/Claremont-M-S","Mar 28, 2015","Athena","SP","2015","Outdoor"
"Laliberte, Nicole","SO-2","8.50m","27' 10.75""","SCIAC Multi Dual","Mar 7, 2015","Athena","SP","2015","Outdoor"
"Hollshwandner, Amy","SO-2","8.44m","27' 8.25""","Claremont Classic Multi","May 7, 2015","Athena","SP","2015","Outdoor"
"Hollshwandner, Amy","SO-2","8.43m","27' 8""","Caltech/Cal Lu/Chapman/CMS/Whittier","Apr 11, 2015","Athena","SP","2015","Outdoor"
"Hollshwandner, Amy","SO-2","8.42m","27' 7.5""","Westmont Collegiate Classic","Mar 21, 2015","Athena","SP","2015","Outdoor"
"Laliberte, Nicole","SO-2","8.18m","26' 10""","SCIAC Multi Dual","Mar 7, 2015","Athena","SP","2015","Outdoor"
"Hollshwandner, Amy","SO-2","8.16m","26' 9.25""","Westmont Collegiate Classic","Mar 21, 2015","Athena","SP","2015","Outdoor"
"Hollshwandner, Amy","SO-2","7.98m","26' 2.25""","Rossi Relays","Feb 28, 2015","Athena","SP","2015","Outdoor"
"Hollshwandner, Amy","SO-2","7.96m","26' 1.5""","Claremont Classic Multi","May 7, 2015","Athena","SP","2015","Outdoor"
"Hollshwandner, Amy","SO-2","7.94m","26' 0.75""","Claremont Classic Multi","May 7, 2015","Athena","SP","2015","Outdoor"
"Hollshwandner, Amy","SO-2","7.86m","25' 9.5""","Caltech/Cal Lu/Chapman/CMS/Whittier","Apr 11, 2015","Athena","SP","2015","Outdoor"
"Hollshwandner, Amy","SO-2","7.69m","25' 2.75""","Westmont Collegiate Classic","Mar 21, 2015","Athena","SP","2015","Outdoor"
