"Athlete","Year","Mark","Conv","Meet","Meet_Date","Team","Event","Season","Location"
"Wagenveld, Michael","SO-2","5.00m","16' 4.75""","SCIAC Multi-Dual #3","Apr 16, 2016","Stag","PV","2016","Outdoor"
"Wagenveld, Michael","SO-2","4.92m","16' 1.75""","Redlands Final Qualifying Meet","May 18, 2016","Stag","PV","2016","Outdoor"
"Wagenveld, Michael","SO-2","4.91m","16' 1.25""","SCIAC Multi-Dual #2 (UR/WC/CMS/ULV/CHU)","Apr 2, 2016","Stag","PV","2016","Outdoor"
"Wagenveld, Michael","SO-2","4.90m","16' 0.75""","NCAA Division III Outdoor Track & Field Championships","May 26, 2016","Stag","PV","2016","Outdoor"
"Wagenveld, Michael","SO-2","4.90m","16' 0.75""","SCIAC Track and Field Multi-Dual # 1","Mar 5, 2016","Stag","PV","2016","Outdoor"
"Wagenveld, Michael","SO-2","4.82m","15' 9.75""","Redlands Final Qualifying Meet","May 18, 2016","Stag","PV","2016","Outdoor"
"Wagenveld, Michael","SO-2","4.80m","15' 9""","NCAA Division III Outdoor Track & Field Championships","May 26, 2016","Stag","PV","2016","Outdoor"
"Wagenveld, Michael","SO-2","4.72m","15' 5.75""","Redlands Final Qualifying Meet","May 18, 2016","Stag","PV","2016","Outdoor"
"Wagenveld, Michael","SO-2","4.70m","15' 5""","2016 Pomona-Pitzer Collegiate All Comers","Feb 20, 2016","Stag","PV","2016","Outdoor"
"Wagenveld, Michael","SO-2","4.65m","15' 3""","2016 Pomona-Pitzer T&F Invite","Apr 9, 2016","Stag","PV","2016","Outdoor"
"Wagenveld, Michael","SO-2","4.60m","15' 1""","2016 Oxy Invitational (College/University)","May 7, 2016","Stag","PV","2016","Outdoor"
"Wagenveld, Michael","SO-2","4.56m","14' 11.5""","Rossi Relays","Feb 27, 2016","Stag","PV","2016","Outdoor"
"Wagenveld, Michael","SO-2","4.55m","14' 11""","2016 Ross and Sharon Irwin Collegiate Scoring Meet","Mar 19, 2016","Stag","PV","2016","Outdoor"
"Wagenveld, Michael","SO-2","4.55m","14' 11""","SCIAC Multi-Dual #2 (UR/WC/CMS/ULV/CHU)","Apr 2, 2016","Stag","PV","2016","Outdoor"
"Wagenveld, Michael","SO-2","4.55m","14' 11""","2016 Pomona-Pitzer Collegiate All Comers","Feb 20, 2016","Stag","PV","2016","Outdoor"
"Wagenveld, Michael","SO-2","4.55m","14' 11""","SCIAC Track and Field Multi-Dual # 1","Mar 5, 2016","Stag","PV","2016","Outdoor"
"Cooney, Jackson","SO-2","4.41m","14' 5.5""","SCIAC Track & Field Championships","Apr 29, 2016","Stag","PV","2016","Outdoor"
"Bodenbender, Zane","JR-3","4.41m","14' 5.5""","SCIAC Track & Field Championships","Apr 29, 2016","Stag","PV","2016","Outdoor"
"Wagenveld, Michael","SO-2","4.41m","14' 5.5""","Rossi Relays","Feb 27, 2016","Stag","PV","2016","Outdoor"
"Wagenveld, Michael","SO-2","4.41m","14' 5.5""","SCIAC Track & Field Championships","Apr 29, 2016","Stag","PV","2016","Outdoor"
"Cooney, Jackson","SO-2","4.40m","14' 5.25""","SCIAC Multi-Dual #2 (UR/WC/CMS/ULV/CHU)","Apr 2, 2016","Stag","PV","2016","Outdoor"
"Wagenveld, Michael","SO-2","4.40m","14' 5.25""","2016 Pomona-Pitzer Collegiate All Comers","Feb 20, 2016","Stag","PV","2016","Outdoor"
"Bodenbender, Zane","JR-3","4.27m","14' 0""","SCIAC Multi-Dual #3","Apr 16, 2016","Stag","PV","2016","Outdoor"
"Bodenbender, Zane","JR-3","4.26m","13' 11.75""","Rossi Relays","Feb 27, 2016","Stag","PV","2016","Outdoor"
"Bodenbender, Zane","JR-3","4.26m","13' 11.75""","SCIAC Track & Field Championships","Apr 29, 2016","Stag","PV","2016","Outdoor"
"Cooney, Jackson","SO-2","4.26m","13' 11.75""","SCIAC Track & Field Championships","Apr 29, 2016","Stag","PV","2016","Outdoor"
"Bodenbender, Zane","JR-3","4.25m","13' 11.25""","SCIAC Multi-Dual #2 (UR/WC/CMS/ULV/CHU)","Apr 2, 2016","Stag","PV","2016","Outdoor"
"Cooney, Jackson","SO-2","4.25m","13' 11.25""","SCIAC Multi-Dual #2 (UR/WC/CMS/ULV/CHU)","Apr 2, 2016","Stag","PV","2016","Outdoor"
"Cooney, Jackson","SO-2","4.20m","13' 9.25""","2016 Pomona-Pitzer T&F Invite","Apr 9, 2016","Stag","PV","2016","Outdoor"
"Bodenbender, Zane","JR-3","4.11m","13' 5.75""","SCIAC Track & Field Championships","Apr 29, 2016","Stag","PV","2016","Outdoor"
"Bodenbender, Zane","JR-3","4.11m","13' 5.75""","Rossi Relays","Feb 27, 2016","Stag","PV","2016","Outdoor"
"Cooney, Jackson","SO-2","4.11m","13' 5.75""","SCIAC Track & Field Championships","Apr 29, 2016","Stag","PV","2016","Outdoor"
"Bodenbender, Zane","JR-3","4.10m","13' 5.25""","2016 Pomona-Pitzer Collegiate All Comers","Feb 20, 2016","Stag","PV","2016","Outdoor"
"Bodenbender, Zane","JR-3","4.10m","13' 5.25""","SCIAC Track and Field Multi-Dual # 1","Mar 5, 2016","Stag","PV","2016","Outdoor"
"Cooney, Jackson","SO-2","4.10m","13' 5.25""","2016 Ross and Sharon Irwin Collegiate Scoring Meet","Mar 19, 2016","Stag","PV","2016","Outdoor"
"Bodenbender, Zane","JR-3","4.10m","13' 5.25""","SCIAC Multi-Dual #2 (UR/WC/CMS/ULV/CHU)","Apr 2, 2016","Stag","PV","2016","Outdoor"
"Cooney, Jackson","SO-2","4.10m","13' 5.25""","2016 Pomona-Pitzer Collegiate All Comers","Feb 20, 2016","Stag","PV","2016","Outdoor"
"Bodenbender, Zane","JR-3","4.10m","13' 5.25""","2016 Ross and Sharon Irwin Collegiate Scoring Meet","Mar 19, 2016","Stag","PV","2016","Outdoor"
"Cooney, Jackson","SO-2","3.96m","12' 11.75""","SCIAC Multi-Dual #3","Apr 16, 2016","Stag","PV","2016","Outdoor"
"Bodenbender, Zane","JR-3","3.96m","12' 11.75""","Rossi Relays","Feb 27, 2016","Stag","PV","2016","Outdoor"
"Bodenbender, Zane","JR-3","3.96m","12' 11.75""","SCIAC Track & Field Championships","Apr 29, 2016","Stag","PV","2016","Outdoor"
"Cooney, Jackson","SO-2","3.96m","12' 11.75""","SCIAC Track & Field Championships","Apr 29, 2016","Stag","PV","2016","Outdoor"
"Cooney, Jackson","SO-2","3.95m","12' 11.5""","2016 Pomona-Pitzer Collegiate All Comers","Feb 20, 2016","Stag","PV","2016","Outdoor"
"Cooney, Jackson","SO-2","3.95m","12' 11.5""","2016 Ross and Sharon Irwin Collegiate Scoring Meet","Mar 19, 2016","Stag","PV","2016","Outdoor"
"Bodenbender, Zane","JR-3","3.95m","12' 11.5""","2016 Pomona-Pitzer Collegiate All Comers","Feb 20, 2016","Stag","PV","2016","Outdoor"
"Bodenbender, Zane","JR-3","3.95m","12' 11.5""","SCIAC Track and Field Multi-Dual # 1","Mar 5, 2016","Stag","PV","2016","Outdoor"
"Cooney, Jackson","SO-2","3.95m","12' 11.5""","SCIAC Multi-Dual #2 (UR/WC/CMS/ULV/CHU)","Apr 2, 2016","Stag","PV","2016","Outdoor"
"Cooney, Jackson","SO-2","3.80m","12' 5.5""","2016 Ross and Sharon Irwin Collegiate Scoring Meet","Mar 19, 2016","Stag","PV","2016","Outdoor"
"Cooney, Jackson","SO-2","3.80m","12' 5.5""","SCIAC Track and Field Multi-Dual # 1","Mar 5, 2016","Stag","PV","2016","Outdoor"
"Cooney, Jackson","SO-2","3.80m","12' 5.5""","2016 Pomona-Pitzer Collegiate All Comers","Feb 20, 2016","Stag","PV","2016","Outdoor"
"Bodenbender, Zane","JR-3","3.80m","12' 5.5""","2016 Pomona-Pitzer Collegiate All Comers","Feb 20, 2016","Stag","PV","2016","Outdoor"
"Fernandez, Fernando","SO-2","3.66m","12' 0""","SCIAC Track & Field Championships","Apr 29, 2016","Stag","PV","2016","Outdoor"
"Fernandez, Fernando","SO-2","3.51m","11' 6.25""","SCIAC Track & Field Championships","Apr 29, 2016","Stag","PV","2016","Outdoor"
"Fernandez, Fernando","SO-2","3.50m","11' 5.75""","SCIAC Multi-Dual #3","Apr 16, 2016","Stag","PV","2016","Outdoor"
"Fernandez, Fernando","SO-2","3.50m","11' 5.75""","SCIAC Multi-Dual #2 (UR/WC/CMS/ULV/CHU)","Apr 2, 2016","Stag","PV","2016","Outdoor"
"Fernandez, Fernando","SO-2","3.45m","11' 3.75""","2016 Pomona-Pitzer T&F Invite","Apr 9, 2016","Stag","PV","2016","Outdoor"
"Fernandez, Fernando","SO-2","3.36m","11' 0.25""","SCIAC Track & Field Championships","Apr 29, 2016","Stag","PV","2016","Outdoor"
"Fernandez, Fernando","SO-2","3.35m","10' 11.75""","2016 Ross and Sharon Irwin Collegiate Scoring Meet","Mar 19, 2016","Stag","PV","2016","Outdoor"
"Fernandez, Fernando","SO-2","3.35m","10' 11.75""","SCIAC Multi-Dual #2 (UR/WC/CMS/ULV/CHU)","Apr 2, 2016","Stag","PV","2016","Outdoor"
"Fernandez, Fernando","SO-2","3.30m","10' 10""","2016 Pomona-Pitzer T&F Invite","Apr 9, 2016","Stag","PV","2016","Outdoor"
"Fernandez, Fernando","SO-2","3.21m","10' 6.25""","SCIAC Track & Field Championships","Apr 29, 2016","Stag","PV","2016","Outdoor"
"Fernandez, Fernando","SO-2","3.20m","10' 6""","SCIAC Track and Field Multi-Dual # 1","Mar 5, 2016","Stag","PV","2016","Outdoor"
"Fernandez, Fernando","SO-2","3.20m","10' 6""","2016 Ross and Sharon Irwin Collegiate Scoring Meet","Mar 19, 2016","Stag","PV","2016","Outdoor"
"Fernandez, Fernando","SO-2","3.20m","10' 6""","SCIAC Multi-Dual #2 (UR/WC/CMS/ULV/CHU)","Apr 2, 2016","Stag","PV","2016","Outdoor"
"Fernandez, Fernando","SO-2","3.05m","10' 0""","SCIAC Track and Field Multi-Dual # 1","Mar 5, 2016","Stag","PV","2016","Outdoor"
"Fernandez, Fernando","SO-2","3.05m","10' 0""","2016 Pomona-Pitzer Collegiate All Comers","Feb 20, 2016","Stag","PV","2016","Outdoor"
