"Athlete","Year","Time","Meet","Meet_Date","Team","Event","Season","Location"
"Molineux, Evan","SR-4","1:53.26","SCIAC Track & Field Championships","Apr 29, 2016","Stag","800","2016","Outdoor"
"Molineux, Evan","SR-4","1:54.11","SCIAC Multi-Dual #3","Apr 16, 2016","Stag","800","2016","Outdoor"
"Molineux, Evan","SR-4","1:54.23","SCIAC Track & Field Championships","Apr 29, 2016","Stag","800","2016","Outdoor"
"Sealand, Joshua","JR-3","1:56.71","SCIAC Multi-Dual #2 (UR/WC/CMS/ULV/CHU)","Apr 2, 2016","Stag","800","2016","Outdoor"
"Huang, Kevin","SO-2","1:57.53","SCIAC Multi-Dual #3","Apr 16, 2016","Stag","800","2016","Outdoor"
"Molineux, Evan","SR-4","1:57.58","SCIAC Track and Field Multi-Dual # 1","Mar 5, 2016","Stag","800","2016","Outdoor"
"Jones, Ryan","SR-4","1:57.93","Occidental Distance Carnival Spring Break Classic","Mar 11, 2016","Stag","800","2016","Outdoor"
"Ryan, Garrett","JR-3","1:59.55","SCIAC Multi-Dual #3","Apr 16, 2016","Stag","800","2016","Outdoor"
"Huang, Kevin","SO-2","1:59.69","SCIAC Track and Field Multi-Dual # 1","Mar 5, 2016","Stag","800","2016","Outdoor"
"Robison, Arch","SO-2","2:00.34","SCIAC Multi-Dual #3","Apr 16, 2016","Stag","800","2016","Outdoor"
"Mitchell, Alex","SO-2","2:02.45","SCIAC Multi-Dual #2 (UR/WC/CMS/ULV/CHU)","Apr 2, 2016","Stag","800","2016","Outdoor"
"Robison, Arch","SO-2","2:02.55","2016 Pomona-Pitzer T&F Invite","Apr 9, 2016","Stag","800","2016","Outdoor"
"Mitchell, Alex","SO-2","2:02.76","2016 Pomona-Pitzer T&F Invite","Apr 9, 2016","Stag","800","2016","Outdoor"
"Loustalet, Zorg","SR-4","2:03.17","SCIAC Multi-Dual #2 (UR/WC/CMS/ULV/CHU)","Apr 2, 2016","Stag","800","2016","Outdoor"
"Ryan, Garrett","JR-3","2:03.17","SCIAC Multi-Dual #2 (UR/WC/CMS/ULV/CHU)","Apr 2, 2016","Stag","800","2016","Outdoor"
"Cooper, Wyatt","JR-3","2:04.60","SCIAC Track and Field Multi-Dual # 1","Mar 5, 2016","Stag","800","2016","Outdoor"
"Mitchell, Alex","SO-2","2:05.21","Occidental Distance Carnival Spring Break Classic","Mar 11, 2016","Stag","800","2016","Outdoor"
"Mitchell, Alex","SO-2","2:05.26","SCIAC Track & Field Championships","Apr 29, 2016","Stag","800","2016","Outdoor"
"Schein, Steve","SR-4","2:07.44","SCIAC Track & Field Championships","Apr 29, 2016","Stag","800","2016","Outdoor"
"Robison, Arch","SO-2","2:08.03","SCIAC Track & Field Championships","Apr 29, 2016","Stag","800","2016","Outdoor"
"Schein, Steve","SR-4","2:08.35","SCIAC Multi-Dual #3","Apr 16, 2016","Stag","800","2016","Outdoor"
"Mitchell, Alex","SO-2","2:08.63","SCIAC Track and Field Multi-Dual # 1","Mar 5, 2016","Stag","800","2016","Outdoor"
"Schein, Steve","SR-4","2:08.64","Occidental Distance Carnival Spring Break Classic","Mar 11, 2016","Stag","800","2016","Outdoor"
"Schein, Steve","SR-4","2:09.62","SCIAC Track and Field Multi-Dual # 1","Mar 5, 2016","Stag","800","2016","Outdoor"
"Schein, Steve","SR-4","2:09.77","2016 Pomona-Pitzer T&F Invite","Apr 9, 2016","Stag","800","2016","Outdoor"
"Diamant, Nate","FR-1","2:09.98","2016 Pomona-Pitzer T&F Invite","Apr 9, 2016","Stag","800","2016","Outdoor"
"Kirk, Joel","SR-4","2:12.13","SCIAC Multi-Dual #3","Apr 16, 2016","Stag","800","2016","Outdoor"
"Schein, Steve","SR-4","2:12.81","SCIAC Multi-Dual #2 (UR/WC/CMS/ULV/CHU)","Apr 2, 2016","Stag","800","2016","Outdoor"
