"Athlete","Year","Time","Meet","Meet_Date","Team","Event","Season","Location"
"Stewart, Rebecca","SO-2","1:04.80","SCIAC Track & Field Championships","Apr 29, 2016","Athena","400H","2016","Outdoor"
"Stewart, Rebecca","SO-2","1:04.82","SCIAC Multi-Dual #3","Apr 16, 2016","Athena","400H","2016","Outdoor"
"Stewart, Rebecca","SO-2","1:05.43","SCIAC Track & Field Championships","Apr 29, 2016","Athena","400H","2016","Outdoor"
"Stewart, Rebecca","SO-2","1:05.65","2016 Pomona-Pitzer T&F Invite","Apr 9, 2016","Athena","400H","2016","Outdoor"
"Stewart, Rebecca","SO-2","1:06.10","SCIAC Multi-Dual #2 (UR/WC/CMS/ULV/CHU)","Apr 2, 2016","Athena","400H","2016","Outdoor"
"Stewart, Rebecca","SO-2","1:06.40","SCIAC Track and Field Multi-Dual # 1","Mar 5, 2016","Athena","400H","2016","Outdoor"
"Stewart, Rebecca","SO-2","1:06.43","2016 Ross and Sharon Irwin Collegiate Scoring Meet","Mar 19, 2016","Athena","400H","2016","Outdoor"
"Stewart, Rebecca","SO-2","1:06.69","Rossi Relays","Feb 27, 2016","Athena","400H","2016","Outdoor"
"Stewart, Rebecca","SO-2","1:07.45","2016 Oxy Invitational (College/University)","May 7, 2016","Athena","400H","2016","Outdoor"
"Ecola, Geneva","FR-1","1:08.02","SCIAC Track & Field Championships","Apr 29, 2016","Athena","400H","2016","Outdoor"
"Ecola, Geneva","FR-1","1:09.66","SCIAC Track & Field Championships","Apr 29, 2016","Athena","400H","2016","Outdoor"
"Ecola, Geneva","FR-1","1:12.24","SCIAC Multi-Dual #3","Apr 16, 2016","Athena","400H","2016","Outdoor"
"Ecola, Geneva","FR-1","1:12.59","2016 Pomona-Pitzer T&F Invite","Apr 9, 2016","Athena","400H","2016","Outdoor"
"Ecola, Geneva","FR-1","1:12.81","2016 Ross and Sharon Irwin Collegiate Scoring Meet","Mar 19, 2016","Athena","400H","2016","Outdoor"
