"Athlete","Year","Time","Meet","Meet_Date","Team","Event","Season","Location"
"Lipsky, Mikaela","FR-1","1:00.82","SCIAC Multi Dual WC/OXY/CMS/CU/CIT","Mar 7, 2020","Athena","400","2020","Outdoor"
"Lipsky, Mikaela","FR-1","1:00.86","2020 Pomona-Pitzer Collegiate All Comers","Feb 15, 2020","Athena","400","2020","Outdoor"
"Drooff, Julia","JR-3","1:01.68","SCIAC Multi Dual WC/OXY/CMS/CU/CIT","Mar 7, 2020","Athena","400","2020","Outdoor"
"Drooff, Julia","JR-3","1:01.97","2020 Pomona-Pitzer Collegiate All Comers","Feb 15, 2020","Athena","400","2020","Outdoor"
